"","temp","ObservationDate","location","sensortype"
"1",NA,2018-10-27,"salmonShed","wallUDA_salmonShed"
"2",NA,2018-11-02,"salmonShed","wallUDA_salmonShed"
"3",NA,2018-11-03,"salmonShed","wallUDA_salmonShed"
"4",NA,2018-11-04,"salmonShed","wallUDA_salmonShed"
"5",NA,2018-12-20,"salmonShed","wallUDA_salmonShed"
"6",NA,2018-12-21,"salmonShed","wallUDA_salmonShed"
"7",NA,2018-12-22,"salmonShed","wallUDA_salmonShed"
"8",NA,2018-12-23,"salmonShed","wallUDA_salmonShed"
"9",NA,2018-12-24,"salmonShed","wallUDA_salmonShed"
"10",NA,2018-12-26,"salmonShed","wallUDA_salmonShed"
"11",NA,2018-12-28,"salmonShed","wallUDA_salmonShed"
"12",NA,2018-12-29,"salmonShed","wallUDA_salmonShed"
"13",NA,2018-12-30,"salmonShed","wallUDA_salmonShed"
"14",NA,2018-12-31,"salmonShed","wallUDA_salmonShed"
"15",NA,2019-01-02,"salmonShed","wallUDA_salmonShed"
"16",NA,2019-01-03,"salmonShed","wallUDA_salmonShed"
"17",NA,2019-01-04,"salmonShed","wallUDA_salmonShed"
"18",NA,2019-01-05,"salmonShed","wallUDA_salmonShed"
"19",NA,2019-01-06,"salmonShed","wallUDA_salmonShed"
"20",NA,2019-01-07,"salmonShed","wallUDA_salmonShed"
"21",NA,2019-01-08,"salmonShed","wallUDA_salmonShed"
"22",NA,2019-01-09,"salmonShed","wallUDA_salmonShed"
"23",NA,2019-01-10,"salmonShed","wallUDA_salmonShed"
"24",NA,2019-01-11,"salmonShed","wallUDA_salmonShed"
"25",NA,2019-01-12,"salmonShed","wallUDA_salmonShed"
"26",NA,2019-01-13,"salmonShed","wallUDA_salmonShed"
"27",NA,2019-01-14,"salmonShed","wallUDA_salmonShed"
"28",NA,2019-01-15,"salmonShed","wallUDA_salmonShed"
"29",NA,2019-01-16,"salmonShed","wallUDA_salmonShed"
"30",NA,2019-01-17,"salmonShed","wallUDA_salmonShed"
"31",NA,2019-01-18,"salmonShed","wallUDA_salmonShed"
"32",NA,2019-01-19,"salmonShed","wallUDA_salmonShed"
"33",NA,2019-01-20,"salmonShed","wallUDA_salmonShed"
"34",NA,2019-01-21,"salmonShed","wallUDA_salmonShed"
"35",NA,2019-01-22,"salmonShed","wallUDA_salmonShed"
"36",NA,2019-01-23,"salmonShed","wallUDA_salmonShed"
"37",NA,2019-01-24,"salmonShed","wallUDA_salmonShed"
"38",NA,2019-01-25,"salmonShed","wallUDA_salmonShed"
"39",NA,2019-01-26,"salmonShed","wallUDA_salmonShed"
"40",NA,2019-01-27,"salmonShed","wallUDA_salmonShed"
"41",NA,2019-01-28,"salmonShed","wallUDA_salmonShed"
"42",NA,2019-01-29,"salmonShed","wallUDA_salmonShed"
"43",NA,2019-01-30,"salmonShed","wallUDA_salmonShed"
"44",NA,2019-01-31,"salmonShed","wallUDA_salmonShed"
"45",NA,2019-02-01,"salmonShed","wallUDA_salmonShed"
"46",NA,2019-02-03,"salmonShed","wallUDA_salmonShed"
"47",NA,2019-02-04,"salmonShed","wallUDA_salmonShed"
"48",NA,2019-02-05,"salmonShed","wallUDA_salmonShed"
"49",NA,2019-02-06,"salmonShed","wallUDA_salmonShed"
"50",NA,2019-02-07,"salmonShed","wallUDA_salmonShed"
"51",NA,2019-02-08,"salmonShed","wallUDA_salmonShed"
"52",NA,2019-02-11,"salmonShed","wallUDA_salmonShed"
"53",NA,2019-02-12,"salmonShed","wallUDA_salmonShed"
"54",NA,2019-02-13,"salmonShed","wallUDA_salmonShed"
"55",NA,2019-02-14,"salmonShed","wallUDA_salmonShed"
"56",NA,2019-02-15,"salmonShed","wallUDA_salmonShed"
"57",NA,2019-02-16,"salmonShed","wallUDA_salmonShed"
"58",NA,2019-02-17,"salmonShed","wallUDA_salmonShed"
"59",NA,2019-02-18,"salmonShed","wallUDA_salmonShed"
"60",NA,2019-02-19,"salmonShed","wallUDA_salmonShed"
"61",NA,2019-02-20,"salmonShed","wallUDA_salmonShed"
"62",NA,2019-02-21,"salmonShed","wallUDA_salmonShed"
"63",NA,2019-02-22,"salmonShed","wallUDA_salmonShed"
"64",NA,2019-02-23,"salmonShed","wallUDA_salmonShed"
"65",NA,2019-02-24,"salmonShed","wallUDA_salmonShed"
"66",NA,2019-02-25,"salmonShed","wallUDA_salmonShed"
"67",NA,2019-02-26,"salmonShed","wallUDA_salmonShed"
"68",NA,2019-02-27,"salmonShed","wallUDA_salmonShed"
"69",NA,2019-03-01,"salmonShed","wallUDA_salmonShed"
"70",NA,2019-03-02,"salmonShed","wallUDA_salmonShed"
"71",NA,2019-03-03,"salmonShed","wallUDA_salmonShed"
"72",NA,2019-03-04,"salmonShed","wallUDA_salmonShed"
"73",NA,2019-03-05,"salmonShed","wallUDA_salmonShed"
"74",NA,2019-03-06,"salmonShed","wallUDA_salmonShed"
"75",NA,2019-03-07,"salmonShed","wallUDA_salmonShed"
"76",NA,2019-03-08,"salmonShed","wallUDA_salmonShed"
"77",NA,2019-03-09,"salmonShed","wallUDA_salmonShed"
"78",NA,2019-03-10,"salmonShed","wallUDA_salmonShed"
"79",NA,2019-03-12,"salmonShed","wallUDA_salmonShed"
"80",NA,2019-03-13,"salmonShed","wallUDA_salmonShed"
"81",NA,2019-03-14,"salmonShed","wallUDA_salmonShed"
"82",NA,2019-03-15,"salmonShed","wallUDA_salmonShed"
"83",NA,2019-03-16,"salmonShed","wallUDA_salmonShed"
"84",NA,2019-03-17,"salmonShed","wallUDA_salmonShed"
"85",NA,2019-03-18,"salmonShed","wallUDA_salmonShed"
"86",NA,2019-03-19,"salmonShed","wallUDA_salmonShed"
"87",NA,2019-03-20,"salmonShed","wallUDA_salmonShed"
"88",NA,2019-03-22,"salmonShed","wallUDA_salmonShed"
"89",NA,2019-03-23,"salmonShed","wallUDA_salmonShed"
"90",NA,2019-03-24,"salmonShed","wallUDA_salmonShed"
"91",NA,2019-03-25,"salmonShed","wallUDA_salmonShed"
"92",NA,2019-03-26,"salmonShed","wallUDA_salmonShed"
"93",NA,2019-03-27,"salmonShed","wallUDA_salmonShed"
"94",NA,2019-03-28,"salmonShed","wallUDA_salmonShed"
"95",NA,2019-03-29,"salmonShed","wallUDA_salmonShed"
"96",NA,2019-03-30,"salmonShed","wallUDA_salmonShed"
"97",NA,2019-03-31,"salmonShed","wallUDA_salmonShed"
"98",NA,2019-04-01,"salmonShed","wallUDA_salmonShed"
"99",NA,2019-04-02,"salmonShed","wallUDA_salmonShed"
"100",NA,2019-04-03,"salmonShed","wallUDA_salmonShed"
"101",NA,2019-04-04,"salmonShed","wallUDA_salmonShed"
"102",NA,2019-04-05,"salmonShed","wallUDA_salmonShed"
"103",NA,2019-04-06,"salmonShed","wallUDA_salmonShed"
"104",NA,2019-04-07,"salmonShed","wallUDA_salmonShed"
"105",NA,2019-04-08,"salmonShed","wallUDA_salmonShed"
"106",NA,2019-04-10,"salmonShed","wallUDA_salmonShed"
"107",NA,2019-04-11,"salmonShed","wallUDA_salmonShed"
"108",NA,2019-04-12,"salmonShed","wallUDA_salmonShed"
"109",NA,2019-04-13,"salmonShed","wallUDA_salmonShed"
"110",NA,2019-04-17,"salmonShed","wallUDA_salmonShed"
"111",NA,2019-04-18,"salmonShed","wallUDA_salmonShed"
"112",NA,2019-04-19,"salmonShed","wallUDA_salmonShed"
"113",NA,2019-04-20,"salmonShed","wallUDA_salmonShed"
"114",NA,2019-04-21,"salmonShed","wallUDA_salmonShed"
"115",NA,2019-04-22,"salmonShed","wallUDA_salmonShed"
"116",NA,2019-04-23,"salmonShed","wallUDA_salmonShed"
"117",NA,2019-04-24,"salmonShed","wallUDA_salmonShed"
"118",NA,2019-04-25,"salmonShed","wallUDA_salmonShed"
"119",NA,2019-04-26,"salmonShed","wallUDA_salmonShed"
"120",NA,2019-04-27,"salmonShed","wallUDA_salmonShed"
"121",NA,2019-04-28,"salmonShed","wallUDA_salmonShed"
"122",NA,2019-04-29,"salmonShed","wallUDA_salmonShed"
"123",NA,2019-04-30,"salmonShed","wallUDA_salmonShed"
"124",NA,2019-05-01,"salmonShed","wallUDA_salmonShed"
"125",NA,2019-05-02,"salmonShed","wallUDA_salmonShed"
"126",NA,2019-05-03,"salmonShed","wallUDA_salmonShed"
"127",NA,2019-05-04,"salmonShed","wallUDA_salmonShed"
"128",NA,2019-05-05,"salmonShed","wallUDA_salmonShed"
"129",NA,2019-05-06,"salmonShed","wallUDA_salmonShed"
"130",NA,2019-05-07,"salmonShed","wallUDA_salmonShed"
"131",NA,2019-05-08,"salmonShed","wallUDA_salmonShed"
"132",NA,2019-05-09,"salmonShed","wallUDA_salmonShed"
"133",NA,2019-05-10,"salmonShed","wallUDA_salmonShed"
"134",NA,2019-05-11,"salmonShed","wallUDA_salmonShed"
"135",NA,2019-05-12,"salmonShed","wallUDA_salmonShed"
"136",NA,2019-05-13,"salmonShed","wallUDA_salmonShed"
"137",NA,2019-05-15,"salmonShed","wallUDA_salmonShed"
"138",NA,2019-05-16,"salmonShed","wallUDA_salmonShed"
"139",NA,2019-05-17,"salmonShed","wallUDA_salmonShed"
"140",NA,2019-05-18,"salmonShed","wallUDA_salmonShed"
"141",NA,2019-05-19,"salmonShed","wallUDA_salmonShed"
"142",NA,2019-05-20,"salmonShed","wallUDA_salmonShed"
"143",NA,2019-05-21,"salmonShed","wallUDA_salmonShed"
"144",NA,2019-05-22,"salmonShed","wallUDA_salmonShed"
"145",NA,2019-05-23,"salmonShed","wallUDA_salmonShed"
"146",NA,2019-05-24,"salmonShed","wallUDA_salmonShed"
"147",NA,2019-05-25,"salmonShed","wallUDA_salmonShed"
"148",NA,2019-05-26,"salmonShed","wallUDA_salmonShed"
"149",NA,2019-05-27,"salmonShed","wallUDA_salmonShed"
"150",NA,2019-05-28,"salmonShed","wallUDA_salmonShed"
"151",NA,2019-05-29,"salmonShed","wallUDA_salmonShed"
"152",NA,2019-05-30,"salmonShed","wallUDA_salmonShed"
"153",NA,2019-05-31,"salmonShed","wallUDA_salmonShed"
"154",NA,2019-06-01,"salmonShed","wallUDA_salmonShed"
"155",NA,2019-06-02,"salmonShed","wallUDA_salmonShed"
"156",NA,2019-06-03,"salmonShed","wallUDA_salmonShed"
"157",NA,2019-06-04,"salmonShed","wallUDA_salmonShed"
"158",NA,2019-06-05,"salmonShed","wallUDA_salmonShed"
"159",NA,2019-06-06,"salmonShed","wallUDA_salmonShed"
"160",NA,2019-06-07,"salmonShed","wallUDA_salmonShed"
"161",NA,2019-06-08,"salmonShed","wallUDA_salmonShed"
"162",NA,2019-06-09,"salmonShed","wallUDA_salmonShed"
"163",NA,2019-06-10,"salmonShed","wallUDA_salmonShed"
"164",NA,2019-06-11,"salmonShed","wallUDA_salmonShed"
"165",NA,2019-06-12,"salmonShed","wallUDA_salmonShed"
"166",NA,2019-06-13,"salmonShed","wallUDA_salmonShed"
"167",NA,2019-06-14,"salmonShed","wallUDA_salmonShed"
"168",NA,2019-06-16,"salmonShed","wallUDA_salmonShed"
"169",NA,2019-06-17,"salmonShed","wallUDA_salmonShed"
"170",NA,2019-06-18,"salmonShed","wallUDA_salmonShed"
"171",NA,2019-06-19,"salmonShed","wallUDA_salmonShed"
"172",NA,2019-06-20,"salmonShed","wallUDA_salmonShed"
"173",NA,2019-06-21,"salmonShed","wallUDA_salmonShed"
"174",NA,2019-06-22,"salmonShed","wallUDA_salmonShed"
"175",NA,2019-06-23,"salmonShed","wallUDA_salmonShed"
"176",NA,2019-06-24,"salmonShed","wallUDA_salmonShed"
"177",NA,2019-06-25,"salmonShed","wallUDA_salmonShed"
"178",NA,2019-07-01,"salmonShed","wallUDA_salmonShed"
"179",NA,2019-07-02,"salmonShed","wallUDA_salmonShed"
"180",NA,2019-07-03,"salmonShed","wallUDA_salmonShed"
"181",NA,2019-07-06,"salmonShed","wallUDA_salmonShed"
"182",NA,2019-07-07,"salmonShed","wallUDA_salmonShed"
"183",NA,2019-07-08,"salmonShed","wallUDA_salmonShed"
"184",NA,2019-07-09,"salmonShed","wallUDA_salmonShed"
"185",NA,2019-07-10,"salmonShed","wallUDA_salmonShed"
"186",NA,2019-07-11,"salmonShed","wallUDA_salmonShed"
"187",0,2018-11-25,"salmonShed","wallUDA_salmonShed"
"188",0,2018-11-26,"salmonShed","wallUDA_salmonShed"
"189",0,2018-11-28,"salmonShed","wallUDA_salmonShed"
"190",0,2018-11-30,"salmonShed","wallUDA_salmonShed"
"191",0,2018-12-01,"salmonShed","wallUDA_salmonShed"
"192",0,2018-12-02,"salmonShed","wallUDA_salmonShed"
"193",0,2018-12-03,"salmonShed","wallUDA_salmonShed"
"194",0,2018-12-04,"salmonShed","wallUDA_salmonShed"
"195",0,2018-12-05,"salmonShed","wallUDA_salmonShed"
"196",0,2018-12-09,"salmonShed","wallUDA_salmonShed"
"197",10,2018-09-11,"salmonShed","wallUDA_salmonShed"
"198",10,2018-12-26,"salmonShed","wallUDA_salmonShed"
"199",10,2019-05-04,"salmonShed","wallUDA_salmonShed"
"200",10,2019-05-05,"salmonShed","wallUDA_salmonShed"
"201",10,2019-05-05,"salmonShed","wallUDA_salmonShed"
"202",10,2019-05-07,"salmonShed","wallUDA_salmonShed"
"203",10,2019-05-07,"salmonShed","wallUDA_salmonShed"
"204",10,2019-05-09,"salmonShed","wallUDA_salmonShed"
"205",10,2019-05-12,"salmonShed","wallUDA_salmonShed"
"206",10,2019-05-12,"salmonShed","wallUDA_salmonShed"
"207",10,2019-05-12,"salmonShed","wallUDA_salmonShed"
"208",10,2019-05-12,"salmonShed","wallUDA_salmonShed"
"209",10,2019-05-13,"salmonShed","wallUDA_salmonShed"
"210",10,2019-05-20,"salmonShed","wallUDA_salmonShed"
"211",10.1,2018-12-11,"salmonShed","wallUDA_salmonShed"
"212",10.1,2018-12-12,"salmonShed","wallUDA_salmonShed"
"213",10.1,2018-12-21,"salmonShed","wallUDA_salmonShed"
"214",10.1,2018-12-21,"salmonShed","wallUDA_salmonShed"
"215",10.1,2018-12-24,"salmonShed","wallUDA_salmonShed"
"216",10.1,2018-12-26,"salmonShed","wallUDA_salmonShed"
"217",10.1,2018-12-26,"salmonShed","wallUDA_salmonShed"
"218",10.1,2019-05-05,"salmonShed","wallUDA_salmonShed"
"219",10.1,2019-05-07,"salmonShed","wallUDA_salmonShed"
"220",10.1,2019-05-19,"salmonShed","wallUDA_salmonShed"
"221",10.1,2019-05-20,"salmonShed","wallUDA_salmonShed"
"222",10.1,2019-05-21,"salmonShed","wallUDA_salmonShed"
"223",10.1,2019-05-21,"salmonShed","wallUDA_salmonShed"
"224",10.1,2019-05-21,"salmonShed","wallUDA_salmonShed"
"225",10.1,2019-05-22,"salmonShed","wallUDA_salmonShed"
"226",10.2,2018-12-09,"salmonShed","wallUDA_salmonShed"
"227",10.2,2018-12-11,"salmonShed","wallUDA_salmonShed"
"228",10.2,2018-12-11,"salmonShed","wallUDA_salmonShed"
"229",10.2,2018-12-12,"salmonShed","wallUDA_salmonShed"
"230",10.2,2018-12-12,"salmonShed","wallUDA_salmonShed"
"231",10.2,2018-12-12,"salmonShed","wallUDA_salmonShed"
"232",10.2,2018-12-15,"salmonShed","wallUDA_salmonShed"
"233",10.2,2018-12-19,"salmonShed","wallUDA_salmonShed"
"234",10.2,2018-12-21,"salmonShed","wallUDA_salmonShed"
"235",10.2,2018-12-21,"salmonShed","wallUDA_salmonShed"
"236",10.2,2018-12-24,"salmonShed","wallUDA_salmonShed"
"237",10.2,2018-12-24,"salmonShed","wallUDA_salmonShed"
"238",10.2,2019-05-04,"salmonShed","wallUDA_salmonShed"
"239",10.2,2019-05-04,"salmonShed","wallUDA_salmonShed"
"240",10.2,2019-05-04,"salmonShed","wallUDA_salmonShed"
"241",10.2,2019-05-11,"salmonShed","wallUDA_salmonShed"
"242",10.2,2019-05-11,"salmonShed","wallUDA_salmonShed"
"243",10.2,2019-05-13,"salmonShed","wallUDA_salmonShed"
"244",10.2,2019-05-13,"salmonShed","wallUDA_salmonShed"
"245",10.2,2019-05-13,"salmonShed","wallUDA_salmonShed"
"246",10.2,2019-05-16,"salmonShed","wallUDA_salmonShed"
"247",10.2,2019-05-19,"salmonShed","wallUDA_salmonShed"
"248",10.2,2019-05-20,"salmonShed","wallUDA_salmonShed"
"249",10.2,2019-05-21,"salmonShed","wallUDA_salmonShed"
"250",10.2,2019-05-22,"salmonShed","wallUDA_salmonShed"
"251",10.3,2018-12-09,"salmonShed","wallUDA_salmonShed"
"252",10.3,2018-12-09,"salmonShed","wallUDA_salmonShed"
"253",10.3,2018-12-10,"salmonShed","wallUDA_salmonShed"
"254",10.3,2018-12-11,"salmonShed","wallUDA_salmonShed"
"255",10.3,2018-12-15,"salmonShed","wallUDA_salmonShed"
"256",10.3,2018-12-15,"salmonShed","wallUDA_salmonShed"
"257",10.3,2018-12-15,"salmonShed","wallUDA_salmonShed"
"258",10.3,2018-12-19,"salmonShed","wallUDA_salmonShed"
"259",10.3,2018-12-19,"salmonShed","wallUDA_salmonShed"
"260",10.3,2018-12-19,"salmonShed","wallUDA_salmonShed"
"261",10.3,2018-12-20,"salmonShed","wallUDA_salmonShed"
"262",10.3,2018-12-22,"salmonShed","wallUDA_salmonShed"
"263",10.3,2018-12-22,"salmonShed","wallUDA_salmonShed"
"264",10.3,2018-12-23,"salmonShed","wallUDA_salmonShed"
"265",10.3,2019-05-10,"salmonShed","wallUDA_salmonShed"
"266",10.3,2019-05-11,"salmonShed","wallUDA_salmonShed"
"267",10.3,2019-05-17,"salmonShed","wallUDA_salmonShed"
"268",10.3,2019-05-18,"salmonShed","wallUDA_salmonShed"
"269",10.3,2019-05-19,"salmonShed","wallUDA_salmonShed"
"270",10.3,2019-05-22,"salmonShed","wallUDA_salmonShed"
"271",10.3,2019-05-24,"salmonShed","wallUDA_salmonShed"
"272",10.4,2018-12-09,"salmonShed","wallUDA_salmonShed"
"273",10.4,2018-12-10,"salmonShed","wallUDA_salmonShed"
"274",10.4,2018-12-10,"salmonShed","wallUDA_salmonShed"
"275",10.4,2018-12-17,"salmonShed","wallUDA_salmonShed"
"276",10.4,2018-12-17,"salmonShed","wallUDA_salmonShed"
"277",10.4,2018-12-17,"salmonShed","wallUDA_salmonShed"
"278",10.4,2018-12-18,"salmonShed","wallUDA_salmonShed"
"279",10.4,2018-12-20,"salmonShed","wallUDA_salmonShed"
"280",10.4,2018-12-20,"salmonShed","wallUDA_salmonShed"
"281",10.4,2018-12-20,"salmonShed","wallUDA_salmonShed"
"282",10.4,2018-12-23,"salmonShed","wallUDA_salmonShed"
"283",10.4,2018-12-23,"salmonShed","wallUDA_salmonShed"
"284",10.4,2019-05-06,"salmonShed","wallUDA_salmonShed"
"285",10.4,2019-05-08,"salmonShed","wallUDA_salmonShed"
"286",10.4,2019-05-10,"salmonShed","wallUDA_salmonShed"
"287",10.4,2019-05-10,"salmonShed","wallUDA_salmonShed"
"288",10.4,2019-05-10,"salmonShed","wallUDA_salmonShed"
"289",10.4,2019-05-16,"salmonShed","wallUDA_salmonShed"
"290",10.4,2019-05-16,"salmonShed","wallUDA_salmonShed"
"291",10.4,2019-05-17,"salmonShed","wallUDA_salmonShed"
"292",10.4,2019-05-17,"salmonShed","wallUDA_salmonShed"
"293",10.4,2019-05-17,"salmonShed","wallUDA_salmonShed"
"294",10.4,2019-05-18,"salmonShed","wallUDA_salmonShed"
"295",10.4,2019-05-18,"salmonShed","wallUDA_salmonShed"
"296",10.4,2019-05-18,"salmonShed","wallUDA_salmonShed"
"297",10.4,2019-05-19,"salmonShed","wallUDA_salmonShed"
"298",10.4,2019-05-22,"salmonShed","wallUDA_salmonShed"
"299",10.4,2019-05-24,"salmonShed","wallUDA_salmonShed"
"300",10.4,2019-05-25,"salmonShed","wallUDA_salmonShed"
"301",10.4,2019-05-26,"salmonShed","wallUDA_salmonShed"
"302",10.5,2018-12-05,"salmonShed","wallUDA_salmonShed"
"303",10.5,2018-12-06,"salmonShed","wallUDA_salmonShed"
"304",10.5,2018-12-08,"salmonShed","wallUDA_salmonShed"
"305",10.5,2018-12-08,"salmonShed","wallUDA_salmonShed"
"306",10.5,2018-12-08,"salmonShed","wallUDA_salmonShed"
"307",10.5,2018-12-10,"salmonShed","wallUDA_salmonShed"
"308",10.5,2018-12-14,"salmonShed","wallUDA_salmonShed"
"309",10.5,2018-12-16,"salmonShed","wallUDA_salmonShed"
"310",10.5,2018-12-16,"salmonShed","wallUDA_salmonShed"
"311",10.5,2018-12-16,"salmonShed","wallUDA_salmonShed"
"312",10.5,2018-12-17,"salmonShed","wallUDA_salmonShed"
"313",10.5,2018-12-18,"salmonShed","wallUDA_salmonShed"
"314",10.5,2018-12-18,"salmonShed","wallUDA_salmonShed"
"315",10.5,2019-05-08,"salmonShed","wallUDA_salmonShed"
"316",10.5,2019-05-15,"salmonShed","wallUDA_salmonShed"
"317",10.5,2019-05-15,"salmonShed","wallUDA_salmonShed"
"318",10.5,2019-05-16,"salmonShed","wallUDA_salmonShed"
"319",10.5,2019-05-24,"salmonShed","wallUDA_salmonShed"
"320",10.5,2019-05-24,"salmonShed","wallUDA_salmonShed"
"321",10.5,2019-05-25,"salmonShed","wallUDA_salmonShed"
"322",10.5,2019-05-25,"salmonShed","wallUDA_salmonShed"
"323",10.5,2019-05-26,"salmonShed","wallUDA_salmonShed"
"324",10.5,2019-05-26,"salmonShed","wallUDA_salmonShed"
"325",10.5,2019-05-27,"salmonShed","wallUDA_salmonShed"
"326",10.5,2019-05-27,"salmonShed","wallUDA_salmonShed"
"327",10.5,2019-05-27,"salmonShed","wallUDA_salmonShed"
"328",10.5,2019-05-31,"salmonShed","wallUDA_salmonShed"
"329",10.5,2019-06-05,"salmonShed","wallUDA_salmonShed"
"330",10.6,2018-12-05,"salmonShed","wallUDA_salmonShed"
"331",10.6,2018-12-05,"salmonShed","wallUDA_salmonShed"
"332",10.6,2018-12-05,"salmonShed","wallUDA_salmonShed"
"333",10.6,2018-12-06,"salmonShed","wallUDA_salmonShed"
"334",10.6,2018-12-08,"salmonShed","wallUDA_salmonShed"
"335",10.6,2018-12-13,"salmonShed","wallUDA_salmonShed"
"336",10.6,2018-12-14,"salmonShed","wallUDA_salmonShed"
"337",10.6,2018-12-14,"salmonShed","wallUDA_salmonShed"
"338",10.6,2018-12-14,"salmonShed","wallUDA_salmonShed"
"339",10.6,2018-12-16,"salmonShed","wallUDA_salmonShed"
"340",10.6,2018-12-18,"salmonShed","wallUDA_salmonShed"
"341",10.6,2019-05-06,"salmonShed","wallUDA_salmonShed"
"342",10.6,2019-05-28,"salmonShed","wallUDA_salmonShed"
"343",10.6,2019-05-28,"salmonShed","wallUDA_salmonShed"
"344",10.6,2019-05-28,"salmonShed","wallUDA_salmonShed"
"345",10.6,2019-05-31,"salmonShed","wallUDA_salmonShed"
"346",10.6,2019-06-05,"salmonShed","wallUDA_salmonShed"
"347",10.7,2018-12-04,"salmonShed","wallUDA_salmonShed"
"348",10.7,2018-12-04,"salmonShed","wallUDA_salmonShed"
"349",10.7,2018-12-06,"salmonShed","wallUDA_salmonShed"
"350",10.7,2018-12-06,"salmonShed","wallUDA_salmonShed"
"351",10.7,2018-12-13,"salmonShed","wallUDA_salmonShed"
"352",10.7,2018-12-13,"salmonShed","wallUDA_salmonShed"
"353",10.7,2018-12-13,"salmonShed","wallUDA_salmonShed"
"354",10.7,2019-05-06,"salmonShed","wallUDA_salmonShed"
"355",10.7,2019-05-15,"salmonShed","wallUDA_salmonShed"
"356",10.7,2019-05-15,"salmonShed","wallUDA_salmonShed"
"357",10.7,2019-05-31,"salmonShed","wallUDA_salmonShed"
"358",10.7,2019-05-31,"salmonShed","wallUDA_salmonShed"
"359",10.7,2019-06-01,"salmonShed","wallUDA_salmonShed"
"360",10.7,2019-06-01,"salmonShed","wallUDA_salmonShed"
"361",10.7,2019-06-01,"salmonShed","wallUDA_salmonShed"
"362",10.7,2019-06-02,"salmonShed","wallUDA_salmonShed"
"363",10.7,2019-06-02,"salmonShed","wallUDA_salmonShed"
"364",10.7,2019-06-02,"salmonShed","wallUDA_salmonShed"
"365",10.7,2019-06-03,"salmonShed","wallUDA_salmonShed"
"366",10.7,2019-06-03,"salmonShed","wallUDA_salmonShed"
"367",10.7,2019-06-04,"salmonShed","wallUDA_salmonShed"
"368",10.7,2019-06-04,"salmonShed","wallUDA_salmonShed"
"369",10.7,2019-06-04,"salmonShed","wallUDA_salmonShed"
"370",10.7,2019-06-05,"salmonShed","wallUDA_salmonShed"
"371",10.7,2019-06-05,"salmonShed","wallUDA_salmonShed"
"372",10.8,2018-12-03,"salmonShed","wallUDA_salmonShed"
"373",10.8,2019-05-08,"salmonShed","wallUDA_salmonShed"
"374",10.8,2019-05-23,"salmonShed","wallUDA_salmonShed"
"375",10.8,2019-06-01,"salmonShed","wallUDA_salmonShed"
"376",10.8,2019-06-02,"salmonShed","wallUDA_salmonShed"
"377",10.8,2019-06-03,"salmonShed","wallUDA_salmonShed"
"378",10.8,2019-06-04,"salmonShed","wallUDA_salmonShed"
"379",10.8,2019-06-06,"salmonShed","wallUDA_salmonShed"
"380",10.8,2019-06-07,"salmonShed","wallUDA_salmonShed"
"381",10.8,2019-06-08,"salmonShed","wallUDA_salmonShed"
"382",10.9,2018-12-03,"salmonShed","wallUDA_salmonShed"
"383",10.9,2018-12-03,"salmonShed","wallUDA_salmonShed"
"384",10.9,2018-12-03,"salmonShed","wallUDA_salmonShed"
"385",10.9,2018-12-04,"salmonShed","wallUDA_salmonShed"
"386",10.9,2018-12-04,"salmonShed","wallUDA_salmonShed"
"387",10.9,2019-05-05,"salmonShed","wallUDA_salmonShed"
"388",10.9,2019-06-06,"salmonShed","wallUDA_salmonShed"
"389",10.9,2019-06-06,"salmonShed","wallUDA_salmonShed"
"390",10.9,2019-06-06,"salmonShed","wallUDA_salmonShed"
"391",10.9,2019-06-07,"salmonShed","wallUDA_salmonShed"
"392",10.9,2019-06-07,"salmonShed","wallUDA_salmonShed"
"393",10.9,2019-06-07,"salmonShed","wallUDA_salmonShed"
"394",10.9,2019-06-08,"salmonShed","wallUDA_salmonShed"
"395",106.8,2018-11-18,"salmonShed","wallUDA_salmonShed"
"396",107.9,2018-11-15,"salmonShed","wallUDA_salmonShed"
"397",109,2018-11-09,"salmonShed","wallUDA_salmonShed"
"398",11,2018-11-18,"salmonShed","wallUDA_salmonShed"
"399",11,2019-05-29,"salmonShed","wallUDA_salmonShed"
"400",11,2019-05-29,"salmonShed","wallUDA_salmonShed"
"401",11,2019-05-29,"salmonShed","wallUDA_salmonShed"
"402",11,2019-05-30,"salmonShed","wallUDA_salmonShed"
"403",11,2019-05-30,"salmonShed","wallUDA_salmonShed"
"404",11,2019-05-30,"salmonShed","wallUDA_salmonShed"
"405",11,2019-06-08,"salmonShed","wallUDA_salmonShed"
"406",11,2019-06-08,"salmonShed","wallUDA_salmonShed"
"407",11,2019-06-10,"salmonShed","wallUDA_salmonShed"
"408",11,2019-06-10,"salmonShed","wallUDA_salmonShed"
"409",11,2019-06-10,"salmonShed","wallUDA_salmonShed"
"410",11,2019-06-12,"salmonShed","wallUDA_salmonShed"
"411",11.06,2019-06-17,"salmonShed","wallUDA_salmonShed"
"412",11.1,2018-11-17,"salmonShed","wallUDA_salmonShed"
"413",11.1,2018-11-18,"salmonShed","wallUDA_salmonShed"
"414",11.1,2018-11-18,"salmonShed","wallUDA_salmonShed"
"415",11.1,2018-11-18,"salmonShed","wallUDA_salmonShed"
"416",11.1,2018-11-20,"salmonShed","wallUDA_salmonShed"
"417",11.1,2018-12-01,"salmonShed","wallUDA_salmonShed"
"418",11.1,2018-12-02,"salmonShed","wallUDA_salmonShed"
"419",11.1,2019-05-23,"salmonShed","wallUDA_salmonShed"
"420",11.1,2019-05-25,"salmonShed","wallUDA_salmonShed"
"421",11.1,2019-05-29,"salmonShed","wallUDA_salmonShed"
"422",11.1,2019-05-30,"salmonShed","wallUDA_salmonShed"
"423",11.1,2019-06-03,"salmonShed","wallUDA_salmonShed"
"424",11.1,2019-06-09,"salmonShed","wallUDA_salmonShed"
"425",11.1,2019-06-10,"salmonShed","wallUDA_salmonShed"
"426",11.1,2019-06-13,"salmonShed","wallUDA_salmonShed"
"427",11.14,2019-06-18,"salmonShed","wallUDA_salmonShed"
"428",11.2,2018-11-12,"salmonShed","wallUDA_salmonShed"
"429",11.2,2018-11-14,"salmonShed","wallUDA_salmonShed"
"430",11.2,2018-11-17,"salmonShed","wallUDA_salmonShed"
"431",11.2,2018-11-17,"salmonShed","wallUDA_salmonShed"
"432",11.2,2018-11-17,"salmonShed","wallUDA_salmonShed"
"433",11.2,2018-11-20,"salmonShed","wallUDA_salmonShed"
"434",11.2,2018-11-20,"salmonShed","wallUDA_salmonShed"
"435",11.2,2018-11-23,"salmonShed","wallUDA_salmonShed"
"436",11.2,2018-11-24,"salmonShed","wallUDA_salmonShed"
"437",11.2,2018-11-24,"salmonShed","wallUDA_salmonShed"
"438",11.2,2018-11-25,"salmonShed","wallUDA_salmonShed"
"439",11.2,2018-11-28,"salmonShed","wallUDA_salmonShed"
"440",11.2,2018-11-29,"salmonShed","wallUDA_salmonShed"
"441",11.2,2018-11-29,"salmonShed","wallUDA_salmonShed"
"442",11.2,2018-12-01,"salmonShed","wallUDA_salmonShed"
"443",11.2,2018-12-01,"salmonShed","wallUDA_salmonShed"
"444",11.2,2018-12-02,"salmonShed","wallUDA_salmonShed"
"445",11.2,2018-12-02,"salmonShed","wallUDA_salmonShed"
"446",11.2,2018-12-02,"salmonShed","wallUDA_salmonShed"
"447",11.2,2019-06-09,"salmonShed","wallUDA_salmonShed"
"448",11.2,2019-06-09,"salmonShed","wallUDA_salmonShed"
"449",11.2,2019-06-11,"salmonShed","wallUDA_salmonShed"
"450",11.2,2019-06-12,"salmonShed","wallUDA_salmonShed"
"451",11.2,2019-06-12,"salmonShed","wallUDA_salmonShed"
"452",11.3,2018-11-12,"salmonShed","wallUDA_salmonShed"
"453",11.3,2018-11-12,"salmonShed","wallUDA_salmonShed"
"454",11.3,2018-11-12,"salmonShed","wallUDA_salmonShed"
"455",11.3,2018-11-14,"salmonShed","wallUDA_salmonShed"
"456",11.3,2018-11-14,"salmonShed","wallUDA_salmonShed"
"457",11.3,2018-11-15,"salmonShed","wallUDA_salmonShed"
"458",11.3,2018-11-16,"salmonShed","wallUDA_salmonShed"
"459",11.3,2018-11-16,"salmonShed","wallUDA_salmonShed"
"460",11.3,2018-11-20,"salmonShed","wallUDA_salmonShed"
"461",11.3,2018-11-21,"salmonShed","wallUDA_salmonShed"
"462",11.3,2018-11-22,"salmonShed","wallUDA_salmonShed"
"463",11.3,2018-11-22,"salmonShed","wallUDA_salmonShed"
"464",11.3,2018-11-22,"salmonShed","wallUDA_salmonShed"
"465",11.3,2018-11-23,"salmonShed","wallUDA_salmonShed"
"466",11.3,2018-11-23,"salmonShed","wallUDA_salmonShed"
"467",11.3,2018-11-23,"salmonShed","wallUDA_salmonShed"
"468",11.3,2018-11-24,"salmonShed","wallUDA_salmonShed"
"469",11.3,2018-11-24,"salmonShed","wallUDA_salmonShed"
"470",11.3,2018-11-25,"salmonShed","wallUDA_salmonShed"
"471",11.3,2018-11-25,"salmonShed","wallUDA_salmonShed"
"472",11.3,2018-11-25,"salmonShed","wallUDA_salmonShed"
"473",11.3,2018-11-28,"salmonShed","wallUDA_salmonShed"
"474",11.3,2018-11-28,"salmonShed","wallUDA_salmonShed"
"475",11.3,2018-11-28,"salmonShed","wallUDA_salmonShed"
"476",11.3,2018-11-29,"salmonShed","wallUDA_salmonShed"
"477",11.3,2018-11-29,"salmonShed","wallUDA_salmonShed"
"478",11.3,2018-11-30,"salmonShed","wallUDA_salmonShed"
"479",11.3,2018-11-30,"salmonShed","wallUDA_salmonShed"
"480",11.3,2018-12-01,"salmonShed","wallUDA_salmonShed"
"481",11.3,2019-05-23,"salmonShed","wallUDA_salmonShed"
"482",11.3,2019-06-11,"salmonShed","wallUDA_salmonShed"
"483",11.3,2019-06-11,"salmonShed","wallUDA_salmonShed"
"484",11.3,2019-06-11,"salmonShed","wallUDA_salmonShed"
"485",11.3,2019-06-13,"salmonShed","wallUDA_salmonShed"
"486",11.3,2019-06-13,"salmonShed","wallUDA_salmonShed"
"487",11.3,2019-06-14,"salmonShed","wallUDA_salmonShed"
"488",11.3,2019-06-14,"salmonShed","wallUDA_salmonShed"
"489",11.3,2019-06-18,"salmonShed","wallUDA_salmonShed"
"490",11.3,2019-06-18,"salmonShed","wallUDA_salmonShed"
"491",11.3,2019-06-21,"salmonShed","wallUDA_salmonShed"
"492",11.3,2019-07-08,"salmonShed","wallUDA_salmonShed"
"493",11.4,2018-11-11,"salmonShed","wallUDA_salmonShed"
"494",11.4,2018-11-15,"salmonShed","wallUDA_salmonShed"
"495",11.4,2018-11-15,"salmonShed","wallUDA_salmonShed"
"496",11.4,2018-11-15,"salmonShed","wallUDA_salmonShed"
"497",11.4,2018-11-16,"salmonShed","wallUDA_salmonShed"
"498",11.4,2018-11-16,"salmonShed","wallUDA_salmonShed"
"499",11.4,2018-11-21,"salmonShed","wallUDA_salmonShed"
"500",11.4,2018-11-21,"salmonShed","wallUDA_salmonShed"
"501",11.4,2018-11-21,"salmonShed","wallUDA_salmonShed"
"502",11.4,2018-11-22,"salmonShed","wallUDA_salmonShed"
"503",11.4,2018-11-27,"salmonShed","wallUDA_salmonShed"
"504",11.4,2018-11-27,"salmonShed","wallUDA_salmonShed"
"505",11.4,2018-11-30,"salmonShed","wallUDA_salmonShed"
"506",11.4,2018-11-30,"salmonShed","wallUDA_salmonShed"
"507",11.4,2019-05-26,"salmonShed","wallUDA_salmonShed"
"508",11.4,2019-06-09,"salmonShed","wallUDA_salmonShed"
"509",11.4,2019-06-13,"salmonShed","wallUDA_salmonShed"
"510",11.4,2019-06-14,"salmonShed","wallUDA_salmonShed"
"511",11.4,2019-06-18,"salmonShed","wallUDA_salmonShed"
"512",11.4,2019-06-21,"salmonShed","wallUDA_salmonShed"
"513",11.4,2019-06-21,"salmonShed","wallUDA_salmonShed"
"514",11.4,2019-06-24,"salmonShed","wallUDA_salmonShed"
"515",11.4,2019-07-02,"salmonShed","wallUDA_salmonShed"
"516",11.5,2018-11-11,"salmonShed","wallUDA_salmonShed"
"517",11.5,2018-11-11,"salmonShed","wallUDA_salmonShed"
"518",11.5,2018-11-26,"salmonShed","wallUDA_salmonShed"
"519",11.5,2018-11-27,"salmonShed","wallUDA_salmonShed"
"520",11.5,2018-11-27,"salmonShed","wallUDA_salmonShed"
"521",11.5,2019-05-23,"salmonShed","wallUDA_salmonShed"
"522",11.5,2019-06-14,"salmonShed","wallUDA_salmonShed"
"523",11.5,2019-06-21,"salmonShed","wallUDA_salmonShed"
"524",11.5,2019-06-23,"salmonShed","wallUDA_salmonShed"
"525",11.5,2019-06-23,"salmonShed","wallUDA_salmonShed"
"526",11.5,2019-06-24,"salmonShed","wallUDA_salmonShed"
"527",11.5,2019-06-24,"salmonShed","wallUDA_salmonShed"
"528",11.5,2019-06-24,"salmonShed","wallUDA_salmonShed"
"529",11.5,2019-06-24,"salmonShed","wallUDA_salmonShed"
"530",11.5,2019-06-24,"salmonShed","wallUDA_salmonShed"
"531",11.5,2019-06-24,"salmonShed","wallUDA_salmonShed"
"532",11.5,2019-07-01,"salmonShed","wallUDA_salmonShed"
"533",11.5,2019-07-01,"salmonShed","wallUDA_salmonShed"
"534",11.5,2019-07-01,"salmonShed","wallUDA_salmonShed"
"535",11.5,2019-07-01,"salmonShed","wallUDA_salmonShed"
"536",11.5,2019-07-02,"salmonShed","wallUDA_salmonShed"
"537",11.5,2019-07-02,"salmonShed","wallUDA_salmonShed"
"538",11.5,2019-07-03,"salmonShed","wallUDA_salmonShed"
"539",11.6,2018-11-07,"salmonShed","wallUDA_salmonShed"
"540",11.6,2018-11-09,"salmonShed","wallUDA_salmonShed"
"541",11.6,2018-11-11,"salmonShed","wallUDA_salmonShed"
"542",11.6,2018-11-26,"salmonShed","wallUDA_salmonShed"
"543",11.6,2018-11-26,"salmonShed","wallUDA_salmonShed"
"544",11.6,2018-11-26,"salmonShed","wallUDA_salmonShed"
"545",11.6,2019-06-12,"salmonShed","wallUDA_salmonShed"
"546",11.6,2019-06-16,"salmonShed","wallUDA_salmonShed"
"547",11.6,2019-06-17,"salmonShed","wallUDA_salmonShed"
"548",11.6,2019-06-17,"salmonShed","wallUDA_salmonShed"
"549",11.6,2019-06-19,"salmonShed","wallUDA_salmonShed"
"550",11.6,2019-06-20,"salmonShed","wallUDA_salmonShed"
"551",11.6,2019-06-23,"salmonShed","wallUDA_salmonShed"
"552",11.6,2019-06-24,"chumHouse","wallUDA_chumhouse"
"553",11.6,2019-06-24,"chumHouse","wallUDA_chumhouse"
"554",11.6,2019-06-24,"chumHouse","wallUDA_chumhouse"
"555",11.6,2019-06-24,"chumHouse","wallUDA_chumhouse"
"556",11.6,2019-06-24,"chumHouse","wallUDA_chumhouse"
"557",11.6,2019-06-24,"chumHouse","wallUDA_chumhouse"
"558",11.6,2019-06-24,"salmonShed","wallUDA_salmonShed"
"559",11.6,2019-06-24,"salmonShed","wallUDA_salmonShed"
"560",11.6,2019-07-01,"salmonShed","wallUDA_salmonShed"
"561",11.6,2019-07-02,"salmonShed","wallUDA_salmonShed"
"562",11.6,2019-07-03,"salmonShed","wallUDA_salmonShed"
"563",11.6,2019-07-03,"salmonShed","wallUDA_salmonShed"
"564",11.7,2018-11-09,"salmonShed","wallUDA_salmonShed"
"565",11.7,2018-11-09,"salmonShed","wallUDA_salmonShed"
"566",11.7,2018-11-14,"salmonShed","wallUDA_salmonShed"
"567",11.7,2019-06-16,"salmonShed","wallUDA_salmonShed"
"568",11.7,2019-06-16,"salmonShed","wallUDA_salmonShed"
"569",11.7,2019-06-19,"salmonShed","wallUDA_salmonShed"
"570",11.7,2019-06-19,"salmonShed","wallUDA_salmonShed"
"571",11.7,2019-06-19,"salmonShed","wallUDA_salmonShed"
"572",11.7,2019-06-20,"salmonShed","wallUDA_salmonShed"
"573",11.7,2019-06-20,"salmonShed","wallUDA_salmonShed"
"574",11.7,2019-06-20,"salmonShed","wallUDA_salmonShed"
"575",11.7,2019-06-22,"salmonShed","wallUDA_salmonShed"
"576",11.7,2019-06-22,"salmonShed","wallUDA_salmonShed"
"577",11.7,2019-06-23,"salmonShed","wallUDA_salmonShed"
"578",11.7,2019-06-24,"salmonShed","wallUDA_salmonShed"
"579",11.7,2019-06-25,"salmonShed","wallUDA_salmonShed"
"580",11.7,2019-06-25,"salmonShed","wallUDA_salmonShed"
"581",11.7,2019-07-03,"salmonShed","wallUDA_salmonShed"
"582",11.8,2018-11-06,"salmonShed","wallUDA_salmonShed"
"583",11.8,2018-11-07,"salmonShed","wallUDA_salmonShed"
"584",11.8,2018-11-07,"salmonShed","wallUDA_salmonShed"
"585",11.8,2018-11-07,"salmonShed","wallUDA_salmonShed"
"586",11.8,2018-11-09,"salmonShed","wallUDA_salmonShed"
"587",11.8,2019-06-17,"salmonShed","wallUDA_salmonShed"
"588",11.8,2019-06-21,"salmonShed","wallUDA_salmonShed"
"589",11.8,2019-06-22,"salmonShed","wallUDA_salmonShed"
"590",11.8,2019-06-22,"salmonShed","wallUDA_salmonShed"
"591",11.8,2019-06-25,"salmonShed","wallUDA_salmonShed"
"592",11.8,2019-06-25,"salmonShed","wallUDA_salmonShed"
"593",11.8,2019-06-26,"salmonShed","wallUDA_salmonShed"
"594",11.8,2019-06-26,"salmonShed","wallUDA_salmonShed"
"595",11.8,2019-06-26,"salmonShed","wallUDA_salmonShed"
"596",11.8,2019-07-08,"salmonShed","wallUDA_salmonShed"
"597",11.9,2018-11-05,"salmonShed","wallUDA_salmonShed"
"598",11.9,2019-05-06,"salmonShed","wallUDA_salmonShed"
"599",11.9,2019-06-16,"salmonShed","wallUDA_salmonShed"
"600",11.9,2019-06-21,"salmonShed","wallUDA_salmonShed"
"601",11.9,2019-06-21,"salmonShed","wallUDA_salmonShed"
"602",11.9,2019-06-21,"salmonShed","wallUDA_salmonShed"
"603",11.9,2019-06-26,"chumHouse","wallUDA_chumhouse"
"604",11.9,2019-06-26,"chumHouse","wallUDA_chumhouse"
"605",11.9,2019-06-26,"chumHouse","wallUDA_chumhouse"
"606",11.9,2019-06-26,"chumHouse","wallUDA_chumhouse"
"607",11.9,2019-06-26,"chumHouse","wallUDA_chumhouse"
"608",11.9,2019-06-26,"salmonShed","wallUDA_salmonShed"
"609",11.9,2019-07-01,"salmonShed","wallUDA_salmonShed"
"610",11.9,2019-07-08,"salmonShed","wallUDA_salmonShed"
"611",11.9,2019-07-17,"salmonShed","wallUDA_salmonShed"
"612",11.9,2019-07-17,"salmonShed","wallUDA_salmonShed"
"613",11.9,2019-07-19,"chumHouse","wallUDA_chumhouse"
"614",11.9,2019-07-19,"chumHouse","wallUDA_chumhouse"
"615",11.9,2019-07-19,"chumHouse","wallUDA_chumhouse"
"616",11.9,2019-07-19,"chumHouse","wallUDA_chumhouse"
"617",11.9,2019-07-19,"salmonShed","wallUDA_salmonShed"
"618",11.9,2019-07-19,"salmonShed","wallUDA_salmonShed"
"619",11.9,2019-07-19,"salmonShed","wallUDA_salmonShed"
"620",11.9,2019-07-19,"salmonShed","wallUDA_salmonShed"
"621",11.9,2019-07-19,"salmonShed","wallUDA_salmonShed"
"622",11.9,2019-07-19,"salmonShed","wallUDA_salmonShed"
"623",11.9,2019-07-19,"salmonShed","wallUDA_salmonShed"
"624",11.9,2019-07-19,"salmonShed","wallUDA_salmonShed"
"625",12,2018-10-15,"salmonShed","wallUDA_salmonShed"
"626",12,2018-10-23,"salmonShed","wallUDA_salmonShed"
"627",12,2018-10-31,"salmonShed","wallUDA_salmonShed"
"628",12,2018-11-04,"salmonShed","wallUDA_salmonShed"
"629",12,2018-11-05,"salmonShed","wallUDA_salmonShed"
"630",12,2018-11-05,"salmonShed","wallUDA_salmonShed"
"631",12,2018-11-05,"salmonShed","wallUDA_salmonShed"
"632",12,2018-11-06,"salmonShed","wallUDA_salmonShed"
"633",12,2018-11-06,"salmonShed","wallUDA_salmonShed"
"634",12,2018-11-06,"salmonShed","wallUDA_salmonShed"
"635",12,2019-06-21,"chumHouse","wallUDA_chumhouse"
"636",12,2019-06-21,"chumHouse","wallUDA_chumhouse"
"637",12,2019-06-21,"chumHouse","wallUDA_chumhouse"
"638",12,2019-06-21,"chumHouse","wallUDA_chumhouse"
"639",12,2019-06-21,"chumHouse","wallUDA_chumhouse"
"640",12,2019-06-21,"salmonShed","wallUDA_salmonShed"
"641",12,2019-06-26,"chumHouse","wallUDA_chumhouse"
"642",12,2019-07-01,"salmonShed","wallUDA_salmonShed"
"643",12,2019-07-01,"salmonShed","wallUDA_salmonShed"
"644",12,2019-07-01,"salmonShed","wallUDA_salmonShed"
"645",12,2019-07-06,"salmonShed","wallUDA_salmonShed"
"646",12,2019-07-06,"salmonShed","wallUDA_salmonShed"
"647",12,2019-07-06,"salmonShed","wallUDA_salmonShed"
"648",12,2019-07-06,"salmonShed","wallUDA_salmonShed"
"649",12,2019-07-09,"salmonShed","wallUDA_salmonShed"
"650",12,2019-07-09,"salmonShed","wallUDA_salmonShed"
"651",12,2019-07-09,"salmonShed","wallUDA_salmonShed"
"652",12,2019-07-17,"chumHouse","wallUDA_chumhouse"
"653",12,2019-07-17,"chumHouse","wallUDA_chumhouse"
"654",12,2019-07-17,"chumHouse","wallUDA_chumhouse"
"655",12,2019-07-17,"salmonShed","wallUDA_salmonShed"
"656",12,2019-07-17,"salmonShed","wallUDA_salmonShed"
"657",12,2019-07-17,"salmonShed","wallUDA_salmonShed"
"658",12,2019-07-19,"chumHouse","wallUDA_chumhouse"
"659",12.1,2018-10-15,"salmonShed","wallUDA_salmonShed"
"660",12.1,2018-10-15,"salmonShed","wallUDA_salmonShed"
"661",12.1,2018-10-16,"salmonShed","wallUDA_salmonShed"
"662",12.1,2018-10-17,"salmonShed","wallUDA_salmonShed"
"663",12.1,2018-10-17,"salmonShed","wallUDA_salmonShed"
"664",12.1,2018-10-18,"salmonShed","wallUDA_salmonShed"
"665",12.1,2018-10-23,"salmonShed","wallUDA_salmonShed"
"666",12.1,2018-10-23,"salmonShed","wallUDA_salmonShed"
"667",12.1,2018-10-29,"salmonShed","wallUDA_salmonShed"
"668",12.1,2018-10-29,"salmonShed","wallUDA_salmonShed"
"669",12.1,2018-10-30,"salmonShed","wallUDA_salmonShed"
"670",12.1,2018-10-30,"salmonShed","wallUDA_salmonShed"
"671",12.1,2018-10-31,"salmonShed","wallUDA_salmonShed"
"672",12.1,2018-10-31,"salmonShed","wallUDA_salmonShed"
"673",12.1,2018-11-03,"salmonShed","wallUDA_salmonShed"
"674",12.1,2018-11-03,"salmonShed","wallUDA_salmonShed"
"675",12.1,2018-11-04,"salmonShed","wallUDA_salmonShed"
"676",12.1,2018-11-04,"salmonShed","wallUDA_salmonShed"
"677",12.1,2018-11-04,"salmonShed","wallUDA_salmonShed"
"678",12.1,2019-07-01,"chumHouse","wallUDA_chumhouse"
"679",12.1,2019-07-01,"chumHouse","wallUDA_chumhouse"
"680",12.1,2019-07-08,"salmonShed","wallUDA_salmonShed"
"681",12.1,2019-07-08,"salmonShed","wallUDA_salmonShed"
"682",12.1,2019-07-08,"salmonShed","wallUDA_salmonShed"
"683",12.1,2019-07-15,"salmonShed","wallUDA_salmonShed"
"684",12.1,2019-07-17,"chumHouse","wallUDA_chumhouse"
"685",12.1,2019-07-17,"chumHouse","wallUDA_chumhouse"
"686",12.1,2019-07-19,"salmonShed","wallUDA_salmonShed"
"687",12.2,2018-09-19,"salmonShed","wallUDA_salmonShed"
"688",12.2,2018-09-19,"salmonShed","wallUDA_salmonShed"
"689",12.2,2018-09-19,"salmonShed","wallUDA_salmonShed"
"690",12.2,2018-10-05,"salmonShed","wallUDA_salmonShed"
"691",12.2,2018-10-13,"salmonShed","wallUDA_salmonShed"
"692",12.2,2018-10-13,"salmonShed","wallUDA_salmonShed"
"693",12.2,2018-10-15,"salmonShed","wallUDA_salmonShed"
"694",12.2,2018-10-15,"salmonShed","wallUDA_salmonShed"
"695",12.2,2018-10-16,"salmonShed","wallUDA_salmonShed"
"696",12.2,2018-10-16,"salmonShed","wallUDA_salmonShed"
"697",12.2,2018-10-17,"salmonShed","wallUDA_salmonShed"
"698",12.2,2018-10-17,"salmonShed","wallUDA_salmonShed"
"699",12.2,2018-10-17,"salmonShed","wallUDA_salmonShed"
"700",12.2,2018-10-18,"salmonShed","wallUDA_salmonShed"
"701",12.2,2018-10-18,"salmonShed","wallUDA_salmonShed"
"702",12.2,2018-10-21,"salmonShed","wallUDA_salmonShed"
"703",12.2,2018-10-22,"salmonShed","wallUDA_salmonShed"
"704",12.2,2018-10-22,"salmonShed","wallUDA_salmonShed"
"705",12.2,2018-10-23,"salmonShed","wallUDA_salmonShed"
"706",12.2,2018-10-23,"salmonShed","wallUDA_salmonShed"
"707",12.2,2018-10-28,"salmonShed","wallUDA_salmonShed"
"708",12.2,2018-10-29,"salmonShed","wallUDA_salmonShed"
"709",12.2,2018-10-29,"salmonShed","wallUDA_salmonShed"
"710",12.2,2018-10-30,"salmonShed","wallUDA_salmonShed"
"711",12.2,2018-10-30,"salmonShed","wallUDA_salmonShed"
"712",12.2,2018-10-31,"salmonShed","wallUDA_salmonShed"
"713",12.2,2018-11-01,"salmonShed","wallUDA_salmonShed"
"714",12.2,2018-11-01,"salmonShed","wallUDA_salmonShed"
"715",12.2,2018-11-02,"salmonShed","wallUDA_salmonShed"
"716",12.2,2018-11-03,"salmonShed","wallUDA_salmonShed"
"717",12.2,2018-11-03,"salmonShed","wallUDA_salmonShed"
"718",12.2,2019-05-27,"salmonShed","wallUDA_salmonShed"
"719",12.2,2019-06-28,"chumHouse","wallUDA_chumhouse"
"720",12.2,2019-06-28,"chumHouse","wallUDA_chumhouse"
"721",12.2,2019-06-28,"chumHouse","wallUDA_chumhouse"
"722",12.2,2019-06-28,"chumHouse","wallUDA_chumhouse"
"723",12.2,2019-06-28,"salmonShed","wallUDA_salmonShed"
"724",12.2,2019-06-28,"salmonShed","wallUDA_salmonShed"
"725",12.2,2019-06-28,"salmonShed","wallUDA_salmonShed"
"726",12.2,2019-06-28,"salmonShed","wallUDA_salmonShed"
"727",12.2,2019-07-01,"chumHouse","wallUDA_chumhouse"
"728",12.2,2019-07-01,"chumHouse","wallUDA_chumhouse"
"729",12.2,2019-07-01,"chumHouse","wallUDA_chumhouse"
"730",12.2,2019-07-01,"chumHouse","wallUDA_chumhouse"
"731",12.2,2019-07-07,"salmonShed","wallUDA_salmonShed"
"732",12.2,2019-07-07,"salmonShed","wallUDA_salmonShed"
"733",12.2,2019-07-07,"salmonShed","wallUDA_salmonShed"
"734",12.2,2019-07-07,"salmonShed","wallUDA_salmonShed"
"735",12.2,2019-07-08,"salmonShed","wallUDA_salmonShed"
"736",12.2,2019-07-10,"salmonShed","wallUDA_salmonShed"
"737",12.2,2019-07-10,"salmonShed","wallUDA_salmonShed"
"738",12.2,2019-07-11,"salmonShed","wallUDA_salmonShed"
"739",12.2,2019-07-11,"salmonShed","wallUDA_salmonShed"
"740",12.2,2019-07-11,"salmonShed","wallUDA_salmonShed"
"741",12.2,2019-07-11,"salmonShed","wallUDA_salmonShed"
"742",12.2,2019-07-15,"salmonShed","wallUDA_salmonShed"
"743",12.2,2019-07-15,"salmonShed","wallUDA_salmonShed"
"744",12.2,2019-07-15,"salmonShed","wallUDA_salmonShed"
"745",12.2,2019-07-17,"chumHouse","wallUDA_chumhouse"
"746",12.2,2019-07-19,"chumHouse","wallUDA_chumhouse"
"747",12.3,2018-09-18,"salmonShed","wallUDA_salmonShed"
"748",12.3,2018-09-18,"salmonShed","wallUDA_salmonShed"
"749",12.3,2018-09-18,"salmonShed","wallUDA_salmonShed"
"750",12.3,2018-09-18,"salmonShed","wallUDA_salmonShed"
"751",12.3,2018-09-19,"salmonShed","wallUDA_salmonShed"
"752",12.3,2018-09-19,"salmonShed","wallUDA_salmonShed"
"753",12.3,2018-09-26,"salmonShed","wallUDA_salmonShed"
"754",12.3,2018-10-05,"salmonShed","wallUDA_salmonShed"
"755",12.3,2018-10-05,"salmonShed","wallUDA_salmonShed"
"756",12.3,2018-10-05,"salmonShed","wallUDA_salmonShed"
"757",12.3,2018-10-05,"salmonShed","wallUDA_salmonShed"
"758",12.3,2018-10-06,"salmonShed","wallUDA_salmonShed"
"759",12.3,2018-10-08,"salmonShed","wallUDA_salmonShed"
"760",12.3,2018-10-09,"salmonShed","wallUDA_salmonShed"
"761",12.3,2018-10-10,"salmonShed","wallUDA_salmonShed"
"762",12.3,2018-10-11,"salmonShed","wallUDA_salmonShed"
"763",12.3,2018-10-11,"salmonShed","wallUDA_salmonShed"
"764",12.3,2018-10-11,"salmonShed","wallUDA_salmonShed"
"765",12.3,2018-10-12,"salmonShed","wallUDA_salmonShed"
"766",12.3,2018-10-13,"salmonShed","wallUDA_salmonShed"
"767",12.3,2018-10-13,"salmonShed","wallUDA_salmonShed"
"768",12.3,2018-10-13,"salmonShed","wallUDA_salmonShed"
"769",12.3,2018-10-16,"salmonShed","wallUDA_salmonShed"
"770",12.3,2018-10-16,"salmonShed","wallUDA_salmonShed"
"771",12.3,2018-10-18,"salmonShed","wallUDA_salmonShed"
"772",12.3,2018-10-18,"salmonShed","wallUDA_salmonShed"
"773",12.3,2018-10-21,"salmonShed","wallUDA_salmonShed"
"774",12.3,2018-10-21,"salmonShed","wallUDA_salmonShed"
"775",12.3,2018-10-21,"salmonShed","wallUDA_salmonShed"
"776",12.3,2018-10-21,"salmonShed","wallUDA_salmonShed"
"777",12.3,2018-10-22,"salmonShed","wallUDA_salmonShed"
"778",12.3,2018-10-22,"salmonShed","wallUDA_salmonShed"
"779",12.3,2018-10-22,"salmonShed","wallUDA_salmonShed"
"780",12.3,2018-10-25,"salmonShed","wallUDA_salmonShed"
"781",12.3,2018-10-26,"salmonShed","wallUDA_salmonShed"
"782",12.3,2018-10-27,"salmonShed","wallUDA_salmonShed"
"783",12.3,2018-10-27,"salmonShed","wallUDA_salmonShed"
"784",12.3,2018-10-28,"salmonShed","wallUDA_salmonShed"
"785",12.3,2018-10-28,"salmonShed","wallUDA_salmonShed"
"786",12.3,2018-10-28,"salmonShed","wallUDA_salmonShed"
"787",12.3,2018-11-01,"salmonShed","wallUDA_salmonShed"
"788",12.3,2018-11-01,"salmonShed","wallUDA_salmonShed"
"789",12.3,2018-11-02,"salmonShed","wallUDA_salmonShed"
"790",12.3,2018-11-02,"salmonShed","wallUDA_salmonShed"
"791",12.3,2018-11-02,"salmonShed","wallUDA_salmonShed"
"792",12.3,2019-05-07,"salmonShed","wallUDA_salmonShed"
"793",12.3,2019-06-21,"chumHouse","wallUDA_chumhouse"
"794",12.3,2019-06-26,"salmonShed","wallUDA_salmonShed"
"795",12.3,2019-06-28,"chumHouse","wallUDA_chumhouse"
"796",12.3,2019-06-28,"chumHouse","wallUDA_chumhouse"
"797",12.3,2019-06-28,"salmonShed","wallUDA_salmonShed"
"798",12.3,2019-07-08,"salmonShed","wallUDA_salmonShed"
"799",12.3,2019-07-10,"salmonShed","wallUDA_salmonShed"
"800",12.3,2019-07-10,"salmonShed","wallUDA_salmonShed"
"801",12.3,2019-07-10,"salmonShed","wallUDA_salmonShed"
"802",12.3,2019-07-15,"chumHouse","wallUDA_chumhouse"
"803",12.4,2018-08-28,"salmonShed","wallUDA_salmonShed"
"804",12.4,2018-08-28,"salmonShed","wallUDA_salmonShed"
"805",12.4,2018-08-28,"salmonShed","wallUDA_salmonShed"
"806",12.4,2018-08-28,"salmonShed","wallUDA_salmonShed"
"807",12.4,2018-08-28,"salmonShed","wallUDA_salmonShed"
"808",12.4,2018-09-18,"salmonShed","wallUDA_salmonShed"
"809",12.4,2018-09-20,"salmonShed","wallUDA_salmonShed"
"810",12.4,2018-09-20,"salmonShed","wallUDA_salmonShed"
"811",12.4,2018-09-20,"salmonShed","wallUDA_salmonShed"
"812",12.4,2018-09-20,"salmonShed","wallUDA_salmonShed"
"813",12.4,2018-09-26,"salmonShed","wallUDA_salmonShed"
"814",12.4,2018-09-26,"salmonShed","wallUDA_salmonShed"
"815",12.4,2018-10-06,"salmonShed","wallUDA_salmonShed"
"816",12.4,2018-10-06,"salmonShed","wallUDA_salmonShed"
"817",12.4,2018-10-06,"salmonShed","wallUDA_salmonShed"
"818",12.4,2018-10-06,"salmonShed","wallUDA_salmonShed"
"819",12.4,2018-10-08,"salmonShed","wallUDA_salmonShed"
"820",12.4,2018-10-08,"salmonShed","wallUDA_salmonShed"
"821",12.4,2018-10-09,"salmonShed","wallUDA_salmonShed"
"822",12.4,2018-10-09,"salmonShed","wallUDA_salmonShed"
"823",12.4,2018-10-09,"salmonShed","wallUDA_salmonShed"
"824",12.4,2018-10-09,"salmonShed","wallUDA_salmonShed"
"825",12.4,2018-10-10,"salmonShed","wallUDA_salmonShed"
"826",12.4,2018-10-10,"salmonShed","wallUDA_salmonShed"
"827",12.4,2018-10-10,"salmonShed","wallUDA_salmonShed"
"828",12.4,2018-10-10,"salmonShed","wallUDA_salmonShed"
"829",12.4,2018-10-11,"salmonShed","wallUDA_salmonShed"
"830",12.4,2018-10-11,"salmonShed","wallUDA_salmonShed"
"831",12.4,2018-10-12,"salmonShed","wallUDA_salmonShed"
"832",12.4,2018-10-12,"salmonShed","wallUDA_salmonShed"
"833",12.4,2018-10-12,"salmonShed","wallUDA_salmonShed"
"834",12.4,2018-10-12,"salmonShed","wallUDA_salmonShed"
"835",12.4,2018-10-24,"salmonShed","wallUDA_salmonShed"
"836",12.4,2018-10-24,"salmonShed","wallUDA_salmonShed"
"837",12.4,2018-10-24,"salmonShed","wallUDA_salmonShed"
"838",12.4,2018-10-24,"salmonShed","wallUDA_salmonShed"
"839",12.4,2018-10-24,"salmonShed","wallUDA_salmonShed"
"840",12.4,2018-10-25,"salmonShed","wallUDA_salmonShed"
"841",12.4,2018-10-25,"salmonShed","wallUDA_salmonShed"
"842",12.4,2018-10-25,"salmonShed","wallUDA_salmonShed"
"843",12.4,2018-10-26,"salmonShed","wallUDA_salmonShed"
"844",12.4,2018-10-26,"salmonShed","wallUDA_salmonShed"
"845",12.4,2018-10-26,"salmonShed","wallUDA_salmonShed"
"846",12.4,2018-10-27,"salmonShed","wallUDA_salmonShed"
"847",12.4,2018-10-27,"salmonShed","wallUDA_salmonShed"
"848",12.4,2019-05-08,"salmonShed","wallUDA_salmonShed"
"849",12.4,2019-07-09,"salmonShed","wallUDA_salmonShed"
"850",12.4,2019-07-10,"chumHouse","wallUDA_chumhouse"
"851",12.4,2019-07-10,"chumHouse","wallUDA_chumhouse"
"852",12.4,2019-07-10,"chumHouse","wallUDA_chumhouse"
"853",12.4,2019-07-10,"chumHouse","wallUDA_chumhouse"
"854",12.4,2019-07-10,"chumHouse","wallUDA_chumhouse"
"855",12.4,2019-07-10,"salmonShed","wallUDA_salmonShed"
"856",12.4,2019-07-12,"salmonShed","wallUDA_salmonShed"
"857",12.4,2019-07-12,"salmonShed","wallUDA_salmonShed"
"858",12.4,2019-07-15,"chumHouse","wallUDA_chumhouse"
"859",12.4,2019-07-15,"chumHouse","wallUDA_chumhouse"
"860",12.4,2019-07-15,"chumHouse","wallUDA_chumhouse"
"861",12.4,2019-07-15,"chumHouse","wallUDA_chumhouse"
"862",12.4,2019-07-15,"salmonShed","wallUDA_salmonShed"
"863",12.4,2019-07-22,"salmonShed","wallUDA_salmonShed"
"864",12.4,2019-07-22,"salmonShed","wallUDA_salmonShed"
"865",12.4,2019-07-22,"salmonShed","wallUDA_salmonShed"
"866",12.4,2019-07-22,"salmonShed","wallUDA_salmonShed"
"867",12.4,2019-07-22,"salmonShed","wallUDA_salmonShed"
"868",12.4,2019-07-22,"salmonShed","wallUDA_salmonShed"
"869",12.4,2019-07-24,"chumHouse","wallUDA_chumhouse"
"870",12.4,2019-07-24,"salmonShed","wallUDA_salmonShed"
"871",12.5,2018-08-29,"salmonShed","wallUDA_salmonShed"
"872",12.5,2018-08-29,"salmonShed","wallUDA_salmonShed"
"873",12.5,2018-08-29,"salmonShed","wallUDA_salmonShed"
"874",12.5,2018-08-29,"salmonShed","wallUDA_salmonShed"
"875",12.5,2018-08-29,"salmonShed","wallUDA_salmonShed"
"876",12.5,2018-08-30,"salmonShed","wallUDA_salmonShed"
"877",12.5,2018-08-30,"salmonShed","wallUDA_salmonShed"
"878",12.5,2018-08-30,"salmonShed","wallUDA_salmonShed"
"879",12.5,2018-08-30,"salmonShed","wallUDA_salmonShed"
"880",12.5,2018-08-30,"salmonShed","wallUDA_salmonShed"
"881",12.5,2018-09-20,"salmonShed","wallUDA_salmonShed"
"882",12.5,2018-09-25,"salmonShed","wallUDA_salmonShed"
"883",12.5,2018-09-25,"salmonShed","wallUDA_salmonShed"
"884",12.5,2018-09-25,"salmonShed","wallUDA_salmonShed"
"885",12.5,2018-09-26,"salmonShed","wallUDA_salmonShed"
"886",12.5,2018-09-26,"salmonShed","wallUDA_salmonShed"
"887",12.5,2018-09-27,"salmonShed","wallUDA_salmonShed"
"888",12.5,2018-09-29,"salmonShed","wallUDA_salmonShed"
"889",12.5,2018-10-04,"salmonShed","wallUDA_salmonShed"
"890",12.5,2018-10-04,"salmonShed","wallUDA_salmonShed"
"891",12.5,2018-10-04,"salmonShed","wallUDA_salmonShed"
"892",12.5,2018-10-08,"salmonShed","wallUDA_salmonShed"
"893",12.5,2018-10-08,"salmonShed","wallUDA_salmonShed"
"894",12.5,2018-10-25,"salmonShed","wallUDA_salmonShed"
"895",12.5,2019-05-09,"salmonShed","wallUDA_salmonShed"
"896",12.5,2019-07-08,"chumHouse","wallUDA_chumhouse"
"897",12.5,2019-07-10,"chumHouse","wallUDA_chumhouse"
"898",12.5,2019-07-10,"salmonShed","wallUDA_salmonShed"
"899",12.5,2019-07-10,"salmonShed","wallUDA_salmonShed"
"900",12.5,2019-07-10,"salmonShed","wallUDA_salmonShed"
"901",12.5,2019-07-10,"salmonShed","wallUDA_salmonShed"
"902",12.5,2019-07-12,"chumHouse","wallUDA_chumhouse"
"903",12.5,2019-07-12,"chumHouse","wallUDA_chumhouse"
"904",12.5,2019-07-12,"salmonShed","wallUDA_salmonShed"
"905",12.5,2019-07-12,"salmonShed","wallUDA_salmonShed"
"906",12.5,2019-07-12,"salmonShed","wallUDA_salmonShed"
"907",12.5,2019-07-22,"salmonShed","wallUDA_salmonShed"
"908",12.5,2019-07-22,"salmonShed","wallUDA_salmonShed"
"909",12.5,2019-07-22,"salmonShed","wallUDA_salmonShed"
"910",12.5,2019-07-24,"salmonShed","wallUDA_salmonShed"
"911",12.5,2019-07-24,"salmonShed","wallUDA_salmonShed"
"912",12.5,2019-07-24,"salmonShed","wallUDA_salmonShed"
"913",12.5,2019-07-24,"salmonShed","wallUDA_salmonShed"
"914",12.5,2019-07-24,"salmonShed","wallUDA_salmonShed"
"915",12.5,2019-07-24,"salmonShed","wallUDA_salmonShed"
"916",12.5,2019-07-24,"salmonShed","wallUDA_salmonShed"
"917",12.6,2018-08-31,"salmonShed","wallUDA_salmonShed"
"918",12.6,2018-08-31,"salmonShed","wallUDA_salmonShed"
"919",12.6,2018-09-04,"salmonShed","wallUDA_salmonShed"
"920",12.6,2018-09-04,"salmonShed","wallUDA_salmonShed"
"921",12.6,2018-09-04,"salmonShed","wallUDA_salmonShed"
"922",12.6,2018-09-04,"salmonShed","wallUDA_salmonShed"
"923",12.6,2018-09-04,"salmonShed","wallUDA_salmonShed"
"924",12.6,2018-09-05,"salmonShed","wallUDA_salmonShed"
"925",12.6,2018-09-15,"salmonShed","wallUDA_salmonShed"
"926",12.6,2018-09-21,"salmonShed","wallUDA_salmonShed"
"927",12.6,2018-09-24,"salmonShed","wallUDA_salmonShed"
"928",12.6,2018-09-24,"salmonShed","wallUDA_salmonShed"
"929",12.6,2018-09-24,"salmonShed","wallUDA_salmonShed"
"930",12.6,2018-09-24,"salmonShed","wallUDA_salmonShed"
"931",12.6,2018-09-25,"salmonShed","wallUDA_salmonShed"
"932",12.6,2018-09-25,"salmonShed","wallUDA_salmonShed"
"933",12.6,2018-09-27,"salmonShed","wallUDA_salmonShed"
"934",12.6,2018-09-27,"salmonShed","wallUDA_salmonShed"
"935",12.6,2018-09-27,"salmonShed","wallUDA_salmonShed"
"936",12.6,2018-09-27,"salmonShed","wallUDA_salmonShed"
"937",12.6,2018-09-29,"salmonShed","wallUDA_salmonShed"
"938",12.6,2018-09-29,"salmonShed","wallUDA_salmonShed"
"939",12.6,2018-10-04,"salmonShed","wallUDA_salmonShed"
"940",12.6,2018-10-04,"salmonShed","wallUDA_salmonShed"
"941",12.6,2019-07-08,"chumHouse","wallUDA_chumhouse"
"942",12.6,2019-07-08,"chumHouse","wallUDA_chumhouse"
"943",12.6,2019-07-08,"chumHouse","wallUDA_chumhouse"
"944",12.6,2019-07-08,"chumHouse","wallUDA_chumhouse"
"945",12.6,2019-07-08,"chumHouse","wallUDA_chumhouse"
"946",12.6,2019-07-12,"chumHouse","wallUDA_chumhouse"
"947",12.6,2019-07-12,"chumHouse","wallUDA_chumhouse"
"948",12.6,2019-07-12,"chumHouse","wallUDA_chumhouse"
"949",12.6,2019-07-15,"chumHouse","wallUDA_chumhouse"
"950",12.6,2019-07-22,"chumHouse","wallUDA_chumhouse"
"951",12.6,2019-07-24,"chumHouse","wallUDA_chumhouse"
"952",12.6,2019-07-24,"chumHouse","wallUDA_chumhouse"
"953",12.6,2019-07-24,"chumHouse","wallUDA_chumhouse"
"954",12.6,2019-07-24,"chumHouse","wallUDA_chumhouse"
"955",12.6,2019-07-24,"salmonShed","wallUDA_salmonShed"
"956",12.6,2019-08-07,"salmonShed","wallUDA_salmonShed"
"957",12.7,2018-08-31,"salmonShed","wallUDA_salmonShed"
"958",12.7,2018-08-31,"salmonShed","wallUDA_salmonShed"
"959",12.7,2018-09-05,"salmonShed","wallUDA_salmonShed"
"960",12.7,2018-09-05,"salmonShed","wallUDA_salmonShed"
"961",12.7,2018-09-05,"salmonShed","wallUDA_salmonShed"
"962",12.7,2018-09-05,"salmonShed","wallUDA_salmonShed"
"963",12.7,2018-09-06,"salmonShed","wallUDA_salmonShed"
"964",12.7,2018-09-06,"salmonShed","wallUDA_salmonShed"
"965",12.7,2018-09-06,"salmonShed","wallUDA_salmonShed"
"966",12.7,2018-09-06,"salmonShed","wallUDA_salmonShed"
"967",12.7,2018-09-15,"salmonShed","wallUDA_salmonShed"
"968",12.7,2018-09-15,"salmonShed","wallUDA_salmonShed"
"969",12.7,2018-09-15,"salmonShed","wallUDA_salmonShed"
"970",12.7,2018-09-21,"salmonShed","wallUDA_salmonShed"
"971",12.7,2018-09-21,"salmonShed","wallUDA_salmonShed"
"972",12.7,2018-09-24,"salmonShed","wallUDA_salmonShed"
"973",12.7,2018-09-29,"salmonShed","wallUDA_salmonShed"
"974",12.7,2018-09-29,"salmonShed","wallUDA_salmonShed"
"975",12.7,2018-10-01,"salmonShed","wallUDA_salmonShed"
"976",12.7,2019-07-12,"chumHouse","wallUDA_chumhouse"
"977",12.7,2019-07-22,"chumHouse","wallUDA_chumhouse"
"978",12.7,2019-07-22,"chumHouse","wallUDA_chumhouse"
"979",12.7,2019-07-22,"chumHouse","wallUDA_chumhouse"
"980",12.7,2019-07-22,"chumHouse","wallUDA_chumhouse"
"981",12.7,2019-08-07,"chumHouse","wallUDA_chumhouse"
"982",12.7,2019-08-07,"chumHouse","wallUDA_chumhouse"
"983",12.7,2019-08-07,"chumHouse","wallUDA_chumhouse"
"984",12.7,2019-08-07,"salmonShed","wallUDA_salmonShed"
"985",12.7,2019-08-07,"salmonShed","wallUDA_salmonShed"
"986",12.7,2019-08-07,"salmonShed","wallUDA_salmonShed"
"987",12.7,2019-08-07,"salmonShed","wallUDA_salmonShed"
"988",12.7,2019-08-07,"salmonShed","wallUDA_salmonShed"
"989",12.7,2019-08-07,"salmonShed","wallUDA_salmonShed"
"990",12.7,2019-08-07,"salmonShed","wallUDA_salmonShed"
"991",12.7,2019-08-07,"salmonShed","wallUDA_salmonShed"
"992",12.7,2019-08-07,"salmonShed","wallUDA_salmonShed"
"993",12.8,2018-08-31,"salmonShed","wallUDA_salmonShed"
"994",12.8,2018-09-06,"salmonShed","wallUDA_salmonShed"
"995",12.8,2018-09-07,"salmonShed","wallUDA_salmonShed"
"996",12.8,2018-09-07,"salmonShed","wallUDA_salmonShed"
"997",12.8,2018-09-07,"salmonShed","wallUDA_salmonShed"
"998",12.8,2018-09-07,"salmonShed","wallUDA_salmonShed"
"999",12.8,2018-09-07,"salmonShed","wallUDA_salmonShed"
"1000",12.8,2018-09-15,"salmonShed","wallUDA_salmonShed"
"1001",12.8,2018-10-01,"salmonShed","wallUDA_salmonShed"
"1002",12.8,2018-10-01,"salmonShed","wallUDA_salmonShed"
"1003",12.8,2018-10-02,"salmonShed","wallUDA_salmonShed"
"1004",12.8,2018-10-02,"salmonShed","wallUDA_salmonShed"
"1005",12.8,2018-10-02,"salmonShed","wallUDA_salmonShed"
"1006",12.8,2018-10-03,"salmonShed","wallUDA_salmonShed"
"1007",12.8,2018-10-03,"salmonShed","wallUDA_salmonShed"
"1008",12.8,2018-10-03,"salmonShed","wallUDA_salmonShed"
"1009",12.8,2019-07-22,"chumHouse","wallUDA_chumhouse"
"1010",12.8,2019-07-24,"chumHouse","wallUDA_chumhouse"
"1011",12.8,2019-08-05,"salmonShed","wallUDA_salmonShed"
"1012",12.8,2019-08-05,"salmonShed","wallUDA_salmonShed"
"1013",12.8,2019-08-07,"chumHouse","wallUDA_chumhouse"
"1014",12.8,2019-08-07,"chumHouse","wallUDA_chumhouse"
"1015",12.9,2018-09-14,"salmonShed","wallUDA_salmonShed"
"1016",12.9,2018-09-14,"salmonShed","wallUDA_salmonShed"
"1017",12.9,2018-09-14,"salmonShed","wallUDA_salmonShed"
"1018",12.9,2018-09-23,"salmonShed","wallUDA_salmonShed"
"1019",12.9,2018-10-01,"salmonShed","wallUDA_salmonShed"
"1020",12.9,2018-10-01,"salmonShed","wallUDA_salmonShed"
"1021",12.9,2018-10-02,"salmonShed","wallUDA_salmonShed"
"1022",12.9,2018-10-02,"salmonShed","wallUDA_salmonShed"
"1023",12.9,2018-10-03,"salmonShed","wallUDA_salmonShed"
"1024",12.9,2018-10-03,"salmonShed","wallUDA_salmonShed"
"1025",12.9,2019-07-18,"salmonShed","wallUDA_salmonShed"
"1026",12.9,2019-07-18,"salmonShed","wallUDA_salmonShed"
"1027",12.9,2019-08-05,"chumHouse","wallUDA_chumhouse"
"1028",12.9,2019-08-05,"salmonShed","wallUDA_salmonShed"
"1029",12.9,2019-08-05,"salmonShed","wallUDA_salmonShed"
"1030",12.9,2019-08-05,"salmonShed","wallUDA_salmonShed"
"1031",12.9,2019-08-05,"salmonShed","wallUDA_salmonShed"
"1032",12.9,2019-08-07,"chumHouse","wallUDA_chumhouse"
"1033",13,2018-09-14,"salmonShed","wallUDA_salmonShed"
"1034",13,2018-09-14,"salmonShed","wallUDA_salmonShed"
"1035",13,2018-09-23,"salmonShed","wallUDA_salmonShed"
"1036",13,2018-09-23,"salmonShed","wallUDA_salmonShed"
"1037",13,2018-09-23,"salmonShed","wallUDA_salmonShed"
"1038",13,2018-09-23,"salmonShed","wallUDA_salmonShed"
"1039",13,2019-07-18,"chumHouse","wallUDA_chumhouse"
"1040",13,2019-07-18,"salmonShed","wallUDA_salmonShed"
"1041",13,2019-08-05,"chumHouse","wallUDA_chumhouse"
"1042",13,2019-08-05,"salmonShed","wallUDA_salmonShed"
"1043",13,2019-08-05,"salmonShed","wallUDA_salmonShed"
"1044",13,2019-08-05,"salmonShed","wallUDA_salmonShed"
"1045",13,2019-08-05,"salmonShed","wallUDA_salmonShed"
"1046",13.1,2019-07-18,"chumHouse","wallUDA_chumhouse"
"1047",13.1,2019-08-05,"chumHouse","wallUDA_chumhouse"
"1048",13.1,2019-08-05,"chumHouse","wallUDA_chumhouse"
"1049",13.2,2019-07-18,"chumHouse","wallUDA_chumhouse"
"1050",13.2,2019-08-05,"chumHouse","wallUDA_chumhouse"
"1051",13.3,2018-09-10,"salmonShed","wallUDA_salmonShed"
"1052",13.3,2018-09-10,"salmonShed","wallUDA_salmonShed"
"1053",13.3,2018-09-10,"salmonShed","wallUDA_salmonShed"
"1054",13.3,2018-09-13,"salmonShed","wallUDA_salmonShed"
"1055",13.3,2018-09-13,"salmonShed","wallUDA_salmonShed"
"1056",13.3,2018-09-13,"salmonShed","wallUDA_salmonShed"
"1057",13.3,2019-05-28,"salmonShed","wallUDA_salmonShed"
"1058",13.3,2019-08-05,"chumHouse","wallUDA_chumhouse"
"1059",13.4,2018-09-11,"salmonShed","wallUDA_salmonShed"
"1060",13.4,2018-09-11,"salmonShed","wallUDA_salmonShed"
"1061",13.4,2018-09-13,"salmonShed","wallUDA_salmonShed"
"1062",13.4,2018-09-13,"salmonShed","wallUDA_salmonShed"
"1063",13.5,2018-09-11,"salmonShed","wallUDA_salmonShed"
"1064",13.5,2018-09-12,"salmonShed","wallUDA_salmonShed"
"1065",13.5,2018-09-12,"salmonShed","wallUDA_salmonShed"
"1066",13.6,2018-09-12,"salmonShed","wallUDA_salmonShed"
"1067",13.6,2019-08-09,"chumHouse","wallUDA_chumhouse"
"1068",13.6,2019-08-09,"chumHouse","wallUDA_chumhouse"
"1069",13.62,2018-09-12,"salmonShed","wallUDA_salmonShed"
"1070",13.7,2018-09-12,"salmonShed","wallUDA_salmonShed"
"1071",13.9,2019-08-09,"chumHouse","wallUDA_chumhouse"
"1072",14.9,2018-09-21,"salmonShed","wallUDA_salmonShed"
"1073",15.6,2018-09-10,"salmonShed","wallUDA_salmonShed"
"1074",21.7,2018-09-21,"salmonShed","wallUDA_salmonShed"
"1075",27.5,2018-09-11,"salmonShed","wallUDA_salmonShed"
"1076",39,2018-12-15,"salmonShed","wallUDA_salmonShed"
"1077",41.4,2018-12-18,"salmonShed","wallUDA_salmonShed"
"1078",51,2018-11-27,"salmonShed","wallUDA_salmonShed"
"1079",52.4,2018-12-10,"salmonShed","wallUDA_salmonShed"
"1080",53,2018-12-08,"salmonShed","wallUDA_salmonShed"
"1081",55,2018-12-06,"salmonShed","wallUDA_salmonShed"
"1082",57.4,2018-12-12,"salmonShed","wallUDA_salmonShed"
"1083",57.7,2018-12-11,"salmonShed","wallUDA_salmonShed"
"1084",58,2018-11-29,"salmonShed","wallUDA_salmonShed"
"1085",58.6,2018-12-13,"salmonShed","wallUDA_salmonShed"
"1086",61.3,2018-11-01,"salmonShed","wallUDA_salmonShed"
"1087",62.9,2018-09-10,"salmonShed","wallUDA_salmonShed"
"1088",63.1,2018-11-23,"salmonShed","wallUDA_salmonShed"
"1089",64.9,2018-11-24,"salmonShed","wallUDA_salmonShed"
"1090",66,2018-12-19,"salmonShed","wallUDA_salmonShed"
"1091",66.5,2018-11-22,"salmonShed","wallUDA_salmonShed"
"1092",68,2018-10-31,"salmonShed","wallUDA_salmonShed"
"1093",68.9,2018-11-05,"salmonShed","wallUDA_salmonShed"
"1094",69.5,2018-10-30,"salmonShed","wallUDA_salmonShed"
"1095",7.4,2019-03-10,"salmonShed","wallUDA_salmonShed"
"1096",7.5,2019-02-21,"salmonShed","wallUDA_salmonShed"
"1097",7.6,2019-02-22,"salmonShed","wallUDA_salmonShed"
"1098",7.6,2019-03-09,"salmonShed","wallUDA_salmonShed"
"1099",7.7,2019-02-17,"salmonShed","wallUDA_salmonShed"
"1100",7.7,2019-02-18,"salmonShed","wallUDA_salmonShed"
"1101",7.7,2019-03-10,"salmonShed","wallUDA_salmonShed"
"1102",7.8,2019-03-09,"salmonShed","wallUDA_salmonShed"
"1103",7.9,2019-02-19,"salmonShed","wallUDA_salmonShed"
"1104",7.9,2019-02-20,"salmonShed","wallUDA_salmonShed"
"1105",7.9,2019-03-04,"salmonShed","wallUDA_salmonShed"
"1106",7.9,2019-03-04,"salmonShed","wallUDA_salmonShed"
"1107",7.9,2019-03-08,"salmonShed","wallUDA_salmonShed"
"1108",72.3,2018-11-14,"salmonShed","wallUDA_salmonShed"
"1109",73.7,2018-11-06,"salmonShed","wallUDA_salmonShed"
"1110",73.7,2018-11-07,"salmonShed","wallUDA_salmonShed"
"1111",73.8,2018-10-26,"salmonShed","wallUDA_salmonShed"
"1112",74,2018-12-14,"salmonShed","wallUDA_salmonShed"
"1113",74.4,2018-10-28,"salmonShed","wallUDA_salmonShed"
"1114",78,2018-10-29,"salmonShed","wallUDA_salmonShed"
"1115",8,2019-02-16,"salmonShed","wallUDA_salmonShed"
"1116",8,2019-03-04,"salmonShed","wallUDA_salmonShed"
"1117",8,2019-03-09,"salmonShed","wallUDA_salmonShed"
"1118",8,2019-03-09,"salmonShed","wallUDA_salmonShed"
"1119",8,2019-03-10,"salmonShed","wallUDA_salmonShed"
"1120",8,2019-03-12,"salmonShed","wallUDA_salmonShed"
"1121",8,2019-03-13,"salmonShed","wallUDA_salmonShed"
"1122",8,2019-03-23,"salmonShed","wallUDA_salmonShed"
"1123",8.1,2019-02-13,"salmonShed","wallUDA_salmonShed"
"1124",8.1,2019-03-06,"salmonShed","wallUDA_salmonShed"
"1125",8.1,2019-03-06,"salmonShed","wallUDA_salmonShed"
"1126",8.1,2019-03-06,"salmonShed","wallUDA_salmonShed"
"1127",8.1,2019-03-08,"salmonShed","wallUDA_salmonShed"
"1128",8.1,2019-03-08,"salmonShed","wallUDA_salmonShed"
"1129",8.1,2019-03-10,"salmonShed","wallUDA_salmonShed"
"1130",8.1,2019-03-12,"salmonShed","wallUDA_salmonShed"
"1131",8.1,2019-03-13,"salmonShed","wallUDA_salmonShed"
"1132",8.1,2019-03-13,"salmonShed","wallUDA_salmonShed"
"1133",8.1,2019-03-13,"salmonShed","wallUDA_salmonShed"
"1134",8.2,2019-02-13,"salmonShed","wallUDA_salmonShed"
"1135",8.2,2019-02-13,"salmonShed","wallUDA_salmonShed"
"1136",8.2,2019-02-14,"salmonShed","wallUDA_salmonShed"
"1137",8.2,2019-02-14,"salmonShed","wallUDA_salmonShed"
"1138",8.2,2019-02-14,"salmonShed","wallUDA_salmonShed"
"1139",8.2,2019-03-12,"salmonShed","wallUDA_salmonShed"
"1140",8.2,2019-03-12,"salmonShed","wallUDA_salmonShed"
"1141",8.3,2019-02-13,"salmonShed","wallUDA_salmonShed"
"1142",8.3,2019-02-14,"salmonShed","wallUDA_salmonShed"
"1143",8.3,2019-02-17,"salmonShed","wallUDA_salmonShed"
"1144",8.3,2019-02-25,"salmonShed","wallUDA_salmonShed"
"1145",8.3,2019-02-26,"salmonShed","wallUDA_salmonShed"
"1146",8.3,2019-03-04,"salmonShed","wallUDA_salmonShed"
"1147",8.3,2019-03-08,"salmonShed","wallUDA_salmonShed"
"1148",8.3,2019-03-16,"salmonShed","wallUDA_salmonShed"
"1149",8.3,2019-03-16,"salmonShed","wallUDA_salmonShed"
"1150",8.4,2019-02-07,"salmonShed","wallUDA_salmonShed"
"1151",8.4,2019-02-07,"salmonShed","wallUDA_salmonShed"
"1152",8.4,2019-02-08,"salmonShed","wallUDA_salmonShed"
"1153",8.4,2019-02-17,"salmonShed","wallUDA_salmonShed"
"1154",8.4,2019-02-17,"salmonShed","wallUDA_salmonShed"
"1155",8.4,2019-02-20,"salmonShed","wallUDA_salmonShed"
"1156",8.4,2019-02-20,"salmonShed","wallUDA_salmonShed"
"1157",8.4,2019-02-24,"salmonShed","wallUDA_salmonShed"
"1158",8.4,2019-02-25,"salmonShed","wallUDA_salmonShed"
"1159",8.4,2019-02-25,"salmonShed","wallUDA_salmonShed"
"1160",8.4,2019-02-25,"salmonShed","wallUDA_salmonShed"
"1161",8.4,2019-02-26,"salmonShed","wallUDA_salmonShed"
"1162",8.4,2019-02-27,"salmonShed","wallUDA_salmonShed"
"1163",8.4,2019-02-27,"salmonShed","wallUDA_salmonShed"
"1164",8.4,2019-03-02,"salmonShed","wallUDA_salmonShed"
"1165",8.4,2019-03-02,"salmonShed","wallUDA_salmonShed"
"1166",8.4,2019-03-03,"salmonShed","wallUDA_salmonShed"
"1167",8.4,2019-03-03,"salmonShed","wallUDA_salmonShed"
"1168",8.4,2019-03-05,"salmonShed","wallUDA_salmonShed"
"1169",8.4,2019-03-05,"salmonShed","wallUDA_salmonShed"
"1170",8.4,2019-03-05,"salmonShed","wallUDA_salmonShed"
"1171",8.4,2019-03-06,"salmonShed","wallUDA_salmonShed"
"1172",8.4,2019-03-15,"salmonShed","wallUDA_salmonShed"
"1173",8.4,2019-03-16,"salmonShed","wallUDA_salmonShed"
"1174",8.4,2019-03-16,"salmonShed","wallUDA_salmonShed"
"1175",8.4,2019-03-18,"salmonShed","wallUDA_salmonShed"
"1176",8.4,2019-03-22,"salmonShed","wallUDA_salmonShed"
"1177",8.4,2019-03-27,"salmonShed","wallUDA_salmonShed"
"1178",8.4,2019-03-27,"salmonShed","wallUDA_salmonShed"
"1179",8.4,2019-04-06,"salmonShed","wallUDA_salmonShed"
"1180",8.5,2019-02-07,"salmonShed","wallUDA_salmonShed"
"1181",8.5,2019-02-07,"salmonShed","wallUDA_salmonShed"
"1182",8.5,2019-02-08,"salmonShed","wallUDA_salmonShed"
"1183",8.5,2019-02-08,"salmonShed","wallUDA_salmonShed"
"1184",8.5,2019-02-08,"salmonShed","wallUDA_salmonShed"
"1185",8.5,2019-02-20,"salmonShed","wallUDA_salmonShed"
"1186",8.5,2019-02-21,"salmonShed","wallUDA_salmonShed"
"1187",8.5,2019-02-24,"salmonShed","wallUDA_salmonShed"
"1188",8.5,2019-02-24,"salmonShed","wallUDA_salmonShed"
"1189",8.5,2019-02-24,"salmonShed","wallUDA_salmonShed"
"1190",8.5,2019-02-26,"salmonShed","wallUDA_salmonShed"
"1191",8.5,2019-02-26,"salmonShed","wallUDA_salmonShed"
"1192",8.5,2019-02-27,"salmonShed","wallUDA_salmonShed"
"1193",8.5,2019-02-27,"salmonShed","wallUDA_salmonShed"
"1194",8.5,2019-03-02,"salmonShed","wallUDA_salmonShed"
"1195",8.5,2019-03-02,"salmonShed","wallUDA_salmonShed"
"1196",8.5,2019-03-03,"salmonShed","wallUDA_salmonShed"
"1197",8.5,2019-03-03,"salmonShed","wallUDA_salmonShed"
"1198",8.5,2019-03-07,"salmonShed","wallUDA_salmonShed"
"1199",8.5,2019-03-07,"salmonShed","wallUDA_salmonShed"
"1200",8.5,2019-03-18,"salmonShed","wallUDA_salmonShed"
"1201",8.5,2019-03-20,"salmonShed","wallUDA_salmonShed"
"1202",8.5,2019-03-22,"salmonShed","wallUDA_salmonShed"
"1203",8.5,2019-03-22,"salmonShed","wallUDA_salmonShed"
"1204",8.5,2019-03-22,"salmonShed","wallUDA_salmonShed"
"1205",8.5,2019-03-26,"salmonShed","wallUDA_salmonShed"
"1206",8.5,2019-03-26,"salmonShed","wallUDA_salmonShed"
"1207",8.5,2019-03-27,"salmonShed","wallUDA_salmonShed"
"1208",8.5,2019-03-27,"salmonShed","wallUDA_salmonShed"
"1209",8.5,2019-03-28,"salmonShed","wallUDA_salmonShed"
"1210",8.5,2019-03-29,"salmonShed","wallUDA_salmonShed"
"1211",8.5,2019-04-02,"salmonShed","wallUDA_salmonShed"
"1212",8.6,2018-12-22,"salmonShed","wallUDA_salmonShed"
"1213",8.6,2019-02-04,"salmonShed","wallUDA_salmonShed"
"1214",8.6,2019-02-04,"salmonShed","wallUDA_salmonShed"
"1215",8.6,2019-02-12,"salmonShed","wallUDA_salmonShed"
"1216",8.6,2019-02-16,"salmonShed","wallUDA_salmonShed"
"1217",8.6,2019-02-18,"salmonShed","wallUDA_salmonShed"
"1218",8.6,2019-02-19,"salmonShed","wallUDA_salmonShed"
"1219",8.6,2019-02-21,"salmonShed","wallUDA_salmonShed"
"1220",8.6,2019-02-22,"salmonShed","wallUDA_salmonShed"
"1221",8.6,2019-02-23,"salmonShed","wallUDA_salmonShed"
"1222",8.6,2019-03-01,"salmonShed","wallUDA_salmonShed"
"1223",8.6,2019-03-01,"salmonShed","wallUDA_salmonShed"
"1224",8.6,2019-03-01,"salmonShed","wallUDA_salmonShed"
"1225",8.6,2019-03-05,"salmonShed","wallUDA_salmonShed"
"1226",8.6,2019-03-07,"salmonShed","wallUDA_salmonShed"
"1227",8.6,2019-03-07,"salmonShed","wallUDA_salmonShed"
"1228",8.6,2019-03-14,"salmonShed","wallUDA_salmonShed"
"1229",8.6,2019-03-14,"salmonShed","wallUDA_salmonShed"
"1230",8.6,2019-03-15,"salmonShed","wallUDA_salmonShed"
"1231",8.6,2019-03-20,"salmonShed","wallUDA_salmonShed"
"1232",8.6,2019-03-20,"salmonShed","wallUDA_salmonShed"
"1233",8.6,2019-03-23,"salmonShed","wallUDA_salmonShed"
"1234",8.6,2019-03-23,"salmonShed","wallUDA_salmonShed"
"1235",8.6,2019-03-26,"salmonShed","wallUDA_salmonShed"
"1236",8.6,2019-03-26,"salmonShed","wallUDA_salmonShed"
"1237",8.6,2019-03-28,"salmonShed","wallUDA_salmonShed"
"1238",8.6,2019-03-28,"salmonShed","wallUDA_salmonShed"
"1239",8.6,2019-03-29,"salmonShed","wallUDA_salmonShed"
"1240",8.6,2019-03-30,"salmonShed","wallUDA_salmonShed"
"1241",8.6,2019-04-01,"salmonShed","wallUDA_salmonShed"
"1242",8.6,2019-04-02,"salmonShed","wallUDA_salmonShed"
"1243",8.6,2019-04-02,"salmonShed","wallUDA_salmonShed"
"1244",8.6,2019-04-02,"salmonShed","wallUDA_salmonShed"
"1245",8.7,2019-02-04,"salmonShed","wallUDA_salmonShed"
"1246",8.7,2019-02-05,"salmonShed","wallUDA_salmonShed"
"1247",8.7,2019-02-06,"salmonShed","wallUDA_salmonShed"
"1248",8.7,2019-02-11,"salmonShed","wallUDA_salmonShed"
"1249",8.7,2019-02-11,"salmonShed","wallUDA_salmonShed"
"1250",8.7,2019-02-12,"salmonShed","wallUDA_salmonShed"
"1251",8.7,2019-02-16,"salmonShed","wallUDA_salmonShed"
"1252",8.7,2019-02-16,"salmonShed","wallUDA_salmonShed"
"1253",8.7,2019-02-18,"salmonShed","wallUDA_salmonShed"
"1254",8.7,2019-02-18,"salmonShed","wallUDA_salmonShed"
"1255",8.7,2019-02-19,"salmonShed","wallUDA_salmonShed"
"1256",8.7,2019-02-19,"salmonShed","wallUDA_salmonShed"
"1257",8.7,2019-02-21,"salmonShed","wallUDA_salmonShed"
"1258",8.7,2019-02-22,"salmonShed","wallUDA_salmonShed"
"1259",8.7,2019-02-23,"salmonShed","wallUDA_salmonShed"
"1260",8.7,2019-02-23,"salmonShed","wallUDA_salmonShed"
"1261",8.7,2019-02-23,"salmonShed","wallUDA_salmonShed"
"1262",8.7,2019-03-01,"salmonShed","wallUDA_salmonShed"
"1263",8.7,2019-03-14,"salmonShed","wallUDA_salmonShed"
"1264",8.7,2019-03-14,"salmonShed","wallUDA_salmonShed"
"1265",8.7,2019-03-15,"salmonShed","wallUDA_salmonShed"
"1266",8.7,2019-03-15,"salmonShed","wallUDA_salmonShed"
"1267",8.7,2019-03-17,"salmonShed","wallUDA_salmonShed"
"1268",8.7,2019-03-17,"salmonShed","wallUDA_salmonShed"
"1269",8.7,2019-03-17,"salmonShed","wallUDA_salmonShed"
"1270",8.7,2019-03-17,"salmonShed","wallUDA_salmonShed"
"1271",8.7,2019-03-18,"salmonShed","wallUDA_salmonShed"
"1272",8.7,2019-03-18,"salmonShed","wallUDA_salmonShed"
"1273",8.7,2019-03-20,"salmonShed","wallUDA_salmonShed"
"1274",8.7,2019-03-23,"salmonShed","wallUDA_salmonShed"
"1275",8.7,2019-03-28,"salmonShed","wallUDA_salmonShed"
"1276",8.7,2019-03-29,"salmonShed","wallUDA_salmonShed"
"1277",8.7,2019-03-29,"salmonShed","wallUDA_salmonShed"
"1278",8.7,2019-03-30,"salmonShed","wallUDA_salmonShed"
"1279",8.7,2019-03-30,"salmonShed","wallUDA_salmonShed"
"1280",8.7,2019-04-01,"salmonShed","wallUDA_salmonShed"
"1281",8.7,2019-04-01,"salmonShed","wallUDA_salmonShed"
"1282",8.7,2019-04-03,"salmonShed","wallUDA_salmonShed"
"1283",8.7,2019-04-10,"salmonShed","wallUDA_salmonShed"
"1284",8.7,2019-04-10,"salmonShed","wallUDA_salmonShed"
"1285",8.8,2019-01-02,"salmonShed","wallUDA_salmonShed"
"1286",8.8,2019-01-16,"salmonShed","wallUDA_salmonShed"
"1287",8.8,2019-02-03,"salmonShed","wallUDA_salmonShed"
"1288",8.8,2019-02-04,"salmonShed","wallUDA_salmonShed"
"1289",8.8,2019-02-05,"salmonShed","wallUDA_salmonShed"
"1290",8.8,2019-02-05,"salmonShed","wallUDA_salmonShed"
"1291",8.8,2019-02-06,"salmonShed","wallUDA_salmonShed"
"1292",8.8,2019-02-06,"salmonShed","wallUDA_salmonShed"
"1293",8.8,2019-02-11,"salmonShed","wallUDA_salmonShed"
"1294",8.8,2019-02-11,"salmonShed","wallUDA_salmonShed"
"1295",8.8,2019-02-12,"salmonShed","wallUDA_salmonShed"
"1296",8.8,2019-02-15,"salmonShed","wallUDA_salmonShed"
"1297",8.8,2019-02-15,"salmonShed","wallUDA_salmonShed"
"1298",8.8,2019-02-15,"salmonShed","wallUDA_salmonShed"
"1299",8.8,2019-02-22,"salmonShed","wallUDA_salmonShed"
"1300",8.8,2019-03-24,"salmonShed","wallUDA_salmonShed"
"1301",8.8,2019-03-24,"salmonShed","wallUDA_salmonShed"
"1302",8.8,2019-03-30,"salmonShed","wallUDA_salmonShed"
"1303",8.8,2019-03-31,"salmonShed","wallUDA_salmonShed"
"1304",8.8,2019-03-31,"salmonShed","wallUDA_salmonShed"
"1305",8.8,2019-03-31,"salmonShed","wallUDA_salmonShed"
"1306",8.8,2019-04-01,"salmonShed","wallUDA_salmonShed"
"1307",8.8,2019-04-03,"salmonShed","wallUDA_salmonShed"
"1308",8.8,2019-04-03,"salmonShed","wallUDA_salmonShed"
"1309",8.8,2019-04-03,"salmonShed","wallUDA_salmonShed"
"1310",8.8,2019-04-10,"salmonShed","wallUDA_salmonShed"
"1311",8.8,2019-04-10,"salmonShed","wallUDA_salmonShed"
"1312",8.8,2019-04-11,"salmonShed","wallUDA_salmonShed"
"1313",8.9,2019-01-15,"salmonShed","wallUDA_salmonShed"
"1314",8.9,2019-01-15,"salmonShed","wallUDA_salmonShed"
"1315",8.9,2019-01-16,"salmonShed","wallUDA_salmonShed"
"1316",8.9,2019-02-03,"salmonShed","wallUDA_salmonShed"
"1317",8.9,2019-02-03,"salmonShed","wallUDA_salmonShed"
"1318",8.9,2019-02-05,"salmonShed","wallUDA_salmonShed"
"1319",8.9,2019-02-06,"salmonShed","wallUDA_salmonShed"
"1320",8.9,2019-02-12,"salmonShed","wallUDA_salmonShed"
"1321",8.9,2019-02-15,"salmonShed","wallUDA_salmonShed"
"1322",8.9,2019-03-19,"salmonShed","wallUDA_salmonShed"
"1323",8.9,2019-03-19,"salmonShed","wallUDA_salmonShed"
"1324",8.9,2019-03-19,"salmonShed","wallUDA_salmonShed"
"1325",8.9,2019-03-24,"salmonShed","wallUDA_salmonShed"
"1326",8.9,2019-03-24,"salmonShed","wallUDA_salmonShed"
"1327",8.9,2019-03-31,"salmonShed","wallUDA_salmonShed"
"1328",8.9,2019-04-08,"salmonShed","wallUDA_salmonShed"
"1329",8.9,2019-04-08,"salmonShed","wallUDA_salmonShed"
"1330",8.9,2019-04-11,"salmonShed","wallUDA_salmonShed"
"1331",8.9,2019-04-11,"salmonShed","wallUDA_salmonShed"
"1332",8.9,2019-04-11,"salmonShed","wallUDA_salmonShed"
"1333",8.9,2019-04-12,"salmonShed","wallUDA_salmonShed"
"1334",8.9,2019-04-13,"salmonShed","wallUDA_salmonShed"
"1335",8.9,2019-04-13,"salmonShed","wallUDA_salmonShed"
"1336",8.9,2019-04-13,"salmonShed","wallUDA_salmonShed"
"1337",80,2018-12-16,"salmonShed","wallUDA_salmonShed"
"1338",82.3,2018-11-20,"salmonShed","wallUDA_salmonShed"
"1339",84,2018-11-21,"salmonShed","wallUDA_salmonShed"
"1340",85.9,2018-12-17,"salmonShed","wallUDA_salmonShed"
"1341",9,2019-01-15,"salmonShed","wallUDA_salmonShed"
"1342",9,2019-01-15,"salmonShed","wallUDA_salmonShed"
"1343",9,2019-01-16,"salmonShed","wallUDA_salmonShed"
"1344",9,2019-01-16,"salmonShed","wallUDA_salmonShed"
"1345",9,2019-01-20,"salmonShed","wallUDA_salmonShed"
"1346",9,2019-01-27,"salmonShed","wallUDA_salmonShed"
"1347",9,2019-01-28,"salmonShed","wallUDA_salmonShed"
"1348",9,2019-01-28,"salmonShed","wallUDA_salmonShed"
"1349",9,2019-01-29,"salmonShed","wallUDA_salmonShed"
"1350",9,2019-01-30,"salmonShed","wallUDA_salmonShed"
"1351",9,2019-01-30,"salmonShed","wallUDA_salmonShed"
"1352",9,2019-02-03,"salmonShed","wallUDA_salmonShed"
"1353",9,2019-03-25,"salmonShed","wallUDA_salmonShed"
"1354",9,2019-03-25,"salmonShed","wallUDA_salmonShed"
"1355",9,2019-03-25,"salmonShed","wallUDA_salmonShed"
"1356",9,2019-03-25,"salmonShed","wallUDA_salmonShed"
"1357",9,2019-04-04,"salmonShed","wallUDA_salmonShed"
"1358",9,2019-04-08,"salmonShed","wallUDA_salmonShed"
"1359",9,2019-04-08,"salmonShed","wallUDA_salmonShed"
"1360",9,2019-04-12,"salmonShed","wallUDA_salmonShed"
"1361",9,2019-04-13,"salmonShed","wallUDA_salmonShed"
"1362",9.1,2018-12-30,"salmonShed","wallUDA_salmonShed"
"1363",9.1,2019-01-07,"salmonShed","wallUDA_salmonShed"
"1364",9.1,2019-01-07,"salmonShed","wallUDA_salmonShed"
"1365",9.1,2019-01-13,"salmonShed","wallUDA_salmonShed"
"1366",9.1,2019-01-14,"salmonShed","wallUDA_salmonShed"
"1367",9.1,2019-01-17,"salmonShed","wallUDA_salmonShed"
"1368",9.1,2019-01-17,"salmonShed","wallUDA_salmonShed"
"1369",9.1,2019-01-17,"salmonShed","wallUDA_salmonShed"
"1370",9.1,2019-01-19,"salmonShed","wallUDA_salmonShed"
"1371",9.1,2019-01-19,"salmonShed","wallUDA_salmonShed"
"1372",9.1,2019-01-20,"salmonShed","wallUDA_salmonShed"
"1373",9.1,2019-01-24,"salmonShed","wallUDA_salmonShed"
"1374",9.1,2019-01-25,"salmonShed","wallUDA_salmonShed"
"1375",9.1,2019-01-26,"salmonShed","wallUDA_salmonShed"
"1376",9.1,2019-01-26,"salmonShed","wallUDA_salmonShed"
"1377",9.1,2019-01-27,"salmonShed","wallUDA_salmonShed"
"1378",9.1,2019-01-27,"salmonShed","wallUDA_salmonShed"
"1379",9.1,2019-01-27,"salmonShed","wallUDA_salmonShed"
"1380",9.1,2019-01-28,"salmonShed","wallUDA_salmonShed"
"1381",9.1,2019-01-28,"salmonShed","wallUDA_salmonShed"
"1382",9.1,2019-01-29,"salmonShed","wallUDA_salmonShed"
"1383",9.1,2019-01-30,"salmonShed","wallUDA_salmonShed"
"1384",9.1,2019-01-30,"salmonShed","wallUDA_salmonShed"
"1385",9.1,2019-04-04,"salmonShed","wallUDA_salmonShed"
"1386",9.1,2019-04-04,"salmonShed","wallUDA_salmonShed"
"1387",9.1,2019-04-04,"salmonShed","wallUDA_salmonShed"
"1388",9.1,2019-04-12,"salmonShed","wallUDA_salmonShed"
"1389",9.1,2019-04-12,"salmonShed","wallUDA_salmonShed"
"1390",9.1,2019-04-20,"salmonShed","wallUDA_salmonShed"
"1391",9.2,2018-12-28,"salmonShed","wallUDA_salmonShed"
"1392",9.2,2018-12-31,"salmonShed","wallUDA_salmonShed"
"1393",9.2,2019-01-03,"salmonShed","wallUDA_salmonShed"
"1394",9.2,2019-01-07,"salmonShed","wallUDA_salmonShed"
"1395",9.2,2019-01-08,"salmonShed","wallUDA_salmonShed"
"1396",9.2,2019-01-08,"salmonShed","wallUDA_salmonShed"
"1397",9.2,2019-01-13,"salmonShed","wallUDA_salmonShed"
"1398",9.2,2019-01-13,"salmonShed","wallUDA_salmonShed"
"1399",9.2,2019-01-14,"salmonShed","wallUDA_salmonShed"
"1400",9.2,2019-01-14,"salmonShed","wallUDA_salmonShed"
"1401",9.2,2019-01-14,"salmonShed","wallUDA_salmonShed"
"1402",9.2,2019-01-17,"salmonShed","wallUDA_salmonShed"
"1403",9.2,2019-01-18,"salmonShed","wallUDA_salmonShed"
"1404",9.2,2019-01-19,"salmonShed","wallUDA_salmonShed"
"1405",9.2,2019-01-19,"salmonShed","wallUDA_salmonShed"
"1406",9.2,2019-01-20,"salmonShed","wallUDA_salmonShed"
"1407",9.2,2019-01-20,"salmonShed","wallUDA_salmonShed"
"1408",9.2,2019-01-23,"salmonShed","wallUDA_salmonShed"
"1409",9.2,2019-01-24,"salmonShed","wallUDA_salmonShed"
"1410",9.2,2019-01-24,"salmonShed","wallUDA_salmonShed"
"1411",9.2,2019-01-24,"salmonShed","wallUDA_salmonShed"
"1412",9.2,2019-01-25,"salmonShed","wallUDA_salmonShed"
"1413",9.2,2019-01-26,"salmonShed","wallUDA_salmonShed"
"1414",9.2,2019-01-26,"salmonShed","wallUDA_salmonShed"
"1415",9.2,2019-01-29,"salmonShed","wallUDA_salmonShed"
"1416",9.2,2019-01-29,"salmonShed","wallUDA_salmonShed"
"1417",9.2,2019-01-31,"salmonShed","wallUDA_salmonShed"
"1418",9.2,2019-02-01,"salmonShed","wallUDA_salmonShed"
"1419",9.2,2019-03-19,"salmonShed","wallUDA_salmonShed"
"1420",9.2,2019-04-07,"salmonShed","wallUDA_salmonShed"
"1421",9.2,2019-04-20,"salmonShed","wallUDA_salmonShed"
"1422",9.2,2019-04-20,"salmonShed","wallUDA_salmonShed"
"1423",9.2,2019-04-21,"salmonShed","wallUDA_salmonShed"
"1424",9.2,2019-04-21,"salmonShed","wallUDA_salmonShed"
"1425",9.2,2019-04-25,"salmonShed","wallUDA_salmonShed"
"1426",9.2,2019-05-01,"salmonShed","wallUDA_salmonShed"
"1427",9.3,2018-12-31,"salmonShed","wallUDA_salmonShed"
"1428",9.3,2018-12-31,"salmonShed","wallUDA_salmonShed"
"1429",9.3,2019-01-03,"salmonShed","wallUDA_salmonShed"
"1430",9.3,2019-01-03,"salmonShed","wallUDA_salmonShed"
"1431",9.3,2019-01-04,"salmonShed","wallUDA_salmonShed"
"1432",9.3,2019-01-05,"salmonShed","wallUDA_salmonShed"
"1433",9.3,2019-01-05,"salmonShed","wallUDA_salmonShed"
"1434",9.3,2019-01-06,"salmonShed","wallUDA_salmonShed"
"1435",9.3,2019-01-07,"salmonShed","wallUDA_salmonShed"
"1436",9.3,2019-01-08,"salmonShed","wallUDA_salmonShed"
"1437",9.3,2019-01-08,"salmonShed","wallUDA_salmonShed"
"1438",9.3,2019-01-11,"salmonShed","wallUDA_salmonShed"
"1439",9.3,2019-01-11,"salmonShed","wallUDA_salmonShed"
"1440",9.3,2019-01-12,"salmonShed","wallUDA_salmonShed"
"1441",9.3,2019-01-12,"salmonShed","wallUDA_salmonShed"
"1442",9.3,2019-01-13,"salmonShed","wallUDA_salmonShed"
"1443",9.3,2019-01-18,"salmonShed","wallUDA_salmonShed"
"1444",9.3,2019-01-18,"salmonShed","wallUDA_salmonShed"
"1445",9.3,2019-01-18,"salmonShed","wallUDA_salmonShed"
"1446",9.3,2019-01-21,"salmonShed","wallUDA_salmonShed"
"1447",9.3,2019-01-21,"salmonShed","wallUDA_salmonShed"
"1448",9.3,2019-01-21,"salmonShed","wallUDA_salmonShed"
"1449",9.3,2019-01-22,"salmonShed","wallUDA_salmonShed"
"1450",9.3,2019-01-22,"salmonShed","wallUDA_salmonShed"
"1451",9.3,2019-01-22,"salmonShed","wallUDA_salmonShed"
"1452",9.3,2019-01-23,"salmonShed","wallUDA_salmonShed"
"1453",9.3,2019-01-23,"salmonShed","wallUDA_salmonShed"
"1454",9.3,2019-01-23,"salmonShed","wallUDA_salmonShed"
"1455",9.3,2019-01-25,"salmonShed","wallUDA_salmonShed"
"1456",9.3,2019-01-25,"salmonShed","wallUDA_salmonShed"
"1457",9.3,2019-01-31,"salmonShed","wallUDA_salmonShed"
"1458",9.3,2019-01-31,"salmonShed","wallUDA_salmonShed"
"1459",9.3,2019-01-31,"salmonShed","wallUDA_salmonShed"
"1460",9.3,2019-02-01,"salmonShed","wallUDA_salmonShed"
"1461",9.3,2019-02-01,"salmonShed","wallUDA_salmonShed"
"1462",9.3,2019-04-05,"salmonShed","wallUDA_salmonShed"
"1463",9.3,2019-04-06,"salmonShed","wallUDA_salmonShed"
"1464",9.3,2019-04-06,"salmonShed","wallUDA_salmonShed"
"1465",9.3,2019-04-06,"salmonShed","wallUDA_salmonShed"
"1466",9.3,2019-04-07,"salmonShed","wallUDA_salmonShed"
"1467",9.3,2019-04-07,"salmonShed","wallUDA_salmonShed"
"1468",9.3,2019-04-17,"salmonShed","wallUDA_salmonShed"
"1469",9.3,2019-04-21,"salmonShed","wallUDA_salmonShed"
"1470",9.3,2019-04-22,"salmonShed","wallUDA_salmonShed"
"1471",9.3,2019-04-22,"salmonShed","wallUDA_salmonShed"
"1472",9.3,2019-04-22,"salmonShed","wallUDA_salmonShed"
"1473",9.3,2019-04-24,"salmonShed","wallUDA_salmonShed"
"1474",9.3,2019-04-24,"salmonShed","wallUDA_salmonShed"
"1475",9.3,2019-04-25,"salmonShed","wallUDA_salmonShed"
"1476",9.3,2019-04-25,"salmonShed","wallUDA_salmonShed"
"1477",9.3,2019-04-25,"salmonShed","wallUDA_salmonShed"
"1478",9.3,2019-05-01,"salmonShed","wallUDA_salmonShed"
"1479",9.3,2019-05-01,"salmonShed","wallUDA_salmonShed"
"1480",9.4,2018-12-30,"salmonShed","wallUDA_salmonShed"
"1481",9.4,2018-12-30,"salmonShed","wallUDA_salmonShed"
"1482",9.4,2019-01-02,"salmonShed","wallUDA_salmonShed"
"1483",9.4,2019-01-03,"salmonShed","wallUDA_salmonShed"
"1484",9.4,2019-01-04,"salmonShed","wallUDA_salmonShed"
"1485",9.4,2019-01-04,"salmonShed","wallUDA_salmonShed"
"1486",9.4,2019-01-04,"salmonShed","wallUDA_salmonShed"
"1487",9.4,2019-01-05,"salmonShed","wallUDA_salmonShed"
"1488",9.4,2019-01-05,"salmonShed","wallUDA_salmonShed"
"1489",9.4,2019-01-06,"salmonShed","wallUDA_salmonShed"
"1490",9.4,2019-01-06,"salmonShed","wallUDA_salmonShed"
"1491",9.4,2019-01-09,"salmonShed","wallUDA_salmonShed"
"1492",9.4,2019-01-11,"salmonShed","wallUDA_salmonShed"
"1493",9.4,2019-01-12,"salmonShed","wallUDA_salmonShed"
"1494",9.4,2019-01-21,"salmonShed","wallUDA_salmonShed"
"1495",9.4,2019-01-22,"salmonShed","wallUDA_salmonShed"
"1496",9.4,2019-02-01,"salmonShed","wallUDA_salmonShed"
"1497",9.4,2019-04-05,"salmonShed","wallUDA_salmonShed"
"1498",9.4,2019-04-05,"salmonShed","wallUDA_salmonShed"
"1499",9.4,2019-04-05,"salmonShed","wallUDA_salmonShed"
"1500",9.4,2019-04-07,"salmonShed","wallUDA_salmonShed"
"1501",9.4,2019-04-17,"salmonShed","wallUDA_salmonShed"
"1502",9.4,2019-04-17,"salmonShed","wallUDA_salmonShed"
"1503",9.4,2019-04-17,"salmonShed","wallUDA_salmonShed"
"1504",9.4,2019-04-19,"salmonShed","wallUDA_salmonShed"
"1505",9.4,2019-04-21,"salmonShed","wallUDA_salmonShed"
"1506",9.4,2019-04-22,"salmonShed","wallUDA_salmonShed"
"1507",9.4,2019-04-23,"salmonShed","wallUDA_salmonShed"
"1508",9.4,2019-04-24,"salmonShed","wallUDA_salmonShed"
"1509",9.4,2019-04-24,"salmonShed","wallUDA_salmonShed"
"1510",9.4,2019-04-27,"salmonShed","wallUDA_salmonShed"
"1511",9.4,2019-04-27,"salmonShed","wallUDA_salmonShed"
"1512",9.4,2019-04-29,"salmonShed","wallUDA_salmonShed"
"1513",9.4,2019-04-29,"salmonShed","wallUDA_salmonShed"
"1514",9.4,2019-04-29,"salmonShed","wallUDA_salmonShed"
"1515",9.4,2019-04-30,"salmonShed","wallUDA_salmonShed"
"1516",9.4,2019-04-30,"salmonShed","wallUDA_salmonShed"
"1517",9.4,2019-05-01,"salmonShed","wallUDA_salmonShed"
"1518",9.4,2019-05-03,"salmonShed","wallUDA_salmonShed"
"1519",9.5,2018-12-26,"salmonShed","wallUDA_salmonShed"
"1520",9.5,2018-12-30,"salmonShed","wallUDA_salmonShed"
"1521",9.5,2018-12-31,"salmonShed","wallUDA_salmonShed"
"1522",9.5,2019-01-02,"salmonShed","wallUDA_salmonShed"
"1523",9.5,2019-01-02,"salmonShed","wallUDA_salmonShed"
"1524",9.5,2019-01-06,"salmonShed","wallUDA_salmonShed"
"1525",9.5,2019-01-09,"salmonShed","wallUDA_salmonShed"
"1526",9.5,2019-01-09,"salmonShed","wallUDA_salmonShed"
"1527",9.5,2019-01-09,"salmonShed","wallUDA_salmonShed"
"1528",9.5,2019-01-10,"salmonShed","wallUDA_salmonShed"
"1529",9.5,2019-01-10,"salmonShed","wallUDA_salmonShed"
"1530",9.5,2019-01-12,"salmonShed","wallUDA_salmonShed"
"1531",9.5,2019-04-18,"salmonShed","wallUDA_salmonShed"
"1532",9.5,2019-04-18,"salmonShed","wallUDA_salmonShed"
"1533",9.5,2019-04-19,"salmonShed","wallUDA_salmonShed"
"1534",9.5,2019-04-19,"salmonShed","wallUDA_salmonShed"
"1535",9.5,2019-04-19,"salmonShed","wallUDA_salmonShed"
"1536",9.5,2019-04-20,"salmonShed","wallUDA_salmonShed"
"1537",9.5,2019-04-23,"salmonShed","wallUDA_salmonShed"
"1538",9.5,2019-04-27,"salmonShed","wallUDA_salmonShed"
"1539",9.5,2019-04-27,"salmonShed","wallUDA_salmonShed"
"1540",9.5,2019-04-29,"salmonShed","wallUDA_salmonShed"
"1541",9.5,2019-04-30,"salmonShed","wallUDA_salmonShed"
"1542",9.5,2019-04-30,"salmonShed","wallUDA_salmonShed"
"1543",9.5,2019-05-02,"salmonShed","wallUDA_salmonShed"
"1544",9.5,2019-05-02,"salmonShed","wallUDA_salmonShed"
"1545",9.5,2019-05-03,"salmonShed","wallUDA_salmonShed"
"1546",9.5,2019-05-03,"salmonShed","wallUDA_salmonShed"
"1547",9.6,2018-12-29,"salmonShed","wallUDA_salmonShed"
"1548",9.6,2019-01-10,"salmonShed","wallUDA_salmonShed"
"1549",9.6,2019-01-10,"salmonShed","wallUDA_salmonShed"
"1550",9.6,2019-04-18,"salmonShed","wallUDA_salmonShed"
"1551",9.6,2019-04-18,"salmonShed","wallUDA_salmonShed"
"1552",9.6,2019-04-23,"salmonShed","wallUDA_salmonShed"
"1553",9.6,2019-04-23,"salmonShed","wallUDA_salmonShed"
"1554",9.6,2019-04-26,"salmonShed","wallUDA_salmonShed"
"1555",9.6,2019-04-28,"salmonShed","wallUDA_salmonShed"
"1556",9.6,2019-05-02,"salmonShed","wallUDA_salmonShed"
"1557",9.6,2019-05-02,"salmonShed","wallUDA_salmonShed"
"1558",9.6,2019-05-03,"salmonShed","wallUDA_salmonShed"
"1559",9.7,2018-12-24,"salmonShed","wallUDA_salmonShed"
"1560",9.7,2018-12-28,"salmonShed","wallUDA_salmonShed"
"1561",9.7,2019-04-26,"salmonShed","wallUDA_salmonShed"
"1562",9.7,2019-04-26,"salmonShed","wallUDA_salmonShed"
"1563",9.7,2019-04-26,"salmonShed","wallUDA_salmonShed"
"1564",9.7,2019-04-28,"salmonShed","wallUDA_salmonShed"
"1565",9.7,2019-04-28,"salmonShed","wallUDA_salmonShed"
"1566",9.7,2019-04-28,"salmonShed","wallUDA_salmonShed"
"1567",9.8,2018-12-22,"salmonShed","wallUDA_salmonShed"
"1568",9.8,2018-12-28,"salmonShed","wallUDA_salmonShed"
"1569",9.8,2018-12-28,"salmonShed","wallUDA_salmonShed"
"1570",9.8,2018-12-29,"salmonShed","wallUDA_salmonShed"
"1571",9.8,2018-12-29,"salmonShed","wallUDA_salmonShed"
"1572",9.8,2018-12-29,"salmonShed","wallUDA_salmonShed"
"1573",9.8,2019-01-11,"salmonShed","wallUDA_salmonShed"
"1574",9.9,2018-12-23,"salmonShed","wallUDA_salmonShed"
"1575",9.9,2019-05-09,"salmonShed","wallUDA_salmonShed"
"1576",9.9,2019-05-09,"salmonShed","wallUDA_salmonShed"
"1577",9.9,2019-05-11,"salmonShed","wallUDA_salmonShed"
"1578",9.9,2019-05-20,"salmonShed","wallUDA_salmonShed"
"1579",96,2018-11-11,"salmonShed","wallUDA_salmonShed"
"1580",97,2018-11-17,"salmonShed","wallUDA_salmonShed"
"1581",98.4,2018-11-12,"salmonShed","wallUDA_salmonShed"
"1582",99,2018-11-16,"salmonShed","wallUDA_salmonShed"
"1583",NA,2019-07-18,"salmonShed","wallUDA_salmonShed"
"1584",NA,2019-07-18,"salmonShed","wallUDA_salmonShed"
"1585",NA,2019-07-18,"salmonShed","wallUDA_salmonShed"
